panel_id,dataset_dir,target_png,target_pdf,reference_png,reference_pdf,reference_code,description_md,audit_json,prompt_md,static_precheck_json,subject,topic,subtype,complexity_level,refine_complexity_score,journal,doi,figure_label,panel_label,audit_severity,audit_overall_pass,audit_confidence,audit_issue_summary,content_summary,caption
10-1038-s41467-024-50496-6__fig01_d,/ssd2/liwentao/SciFigureHub/FigureComplexityDataset_3levels_threshold_1_3_4_5_6_10/medium/materials/multi_line/10-1038-s41467-024-50496-6__fig01_d,/ssd2/liwentao/SciFigureHub/FigureComplexityDataset_3levels_threshold_1_3_4_5_6_10/medium/materials/multi_line/10-1038-s41467-024-50496-6__fig01_d/target.png,/ssd2/liwentao/SciFigureHub/FigureComplexityDataset_3levels/medium/materials/multi_line/10-1038-s41467-024-50496-6__fig01_d/target.pdf,/ssd2/liwentao/SciFigureHub/FigureComplexityDataset_3levels_threshold_1_3_4_5_6_10/medium/materials/multi_line/10-1038-s41467-024-50496-6__fig01_d/reproduce_panel.png,/ssd2/liwentao/SciFigureHub/FigureComplexityDataset_3levels/medium/materials/multi_line/10-1038-s41467-024-50496-6__fig01_d/reproduce_panel.pdf,/ssd2/liwentao/SciFigureHub/FigureComplexityDataset_3levels_threshold_1_3_4_5_6_10/medium/materials/multi_line/10-1038-s41467-024-50496-6__fig01_d/reproduce_panel.py,/ssd2/liwentao/SciFigureHub/FigureComplexityDataset_3levels_threshold_1_3_4_5_6_10/medium/materials/multi_line/10-1038-s41467-024-50496-6__fig01_d/description.md,/ssd2/liwentao/SciFigureHub/SciFigure2Code/audits/codex_dataset_audit_first100/10-1038-s41467-024-50496-6__fig01_d/audit.json,/ssd2/liwentao/SciFigureHub/SciFigure2Code/audits/codex_dataset_audit_first100/10-1038-s41467-024-50496-6__fig01_d/prompt.md,/ssd2/liwentao/SciFigureHub/SciFigure2Code/audits/codex_dataset_audit_first100/10-1038-s41467-024-50496-6__fig01_d/static_precheck.json,materials,AI_materials,multi_line,medium,4,Nature Communications,10.1038/s41467-024-50496-6,,,clean,True,0.94,No meaningful audit issues found; the reproduction uses editable plotted curves without image dependency and has readable labels with only minor visual deviations from the target.,"This panel shows an XPS depth-profile plot of normalized intensity versus depth for three signals in a bilayer: Au in yellow, sulfur/PEDOT in blue, and nitrogen/BBL in red. The y-axis is inverted so depth increases downward, and each trace is annotated directly in the plot.","Bilayer vOECT characterization. a Diagram detailing the in-series connection of the bilayer materials structure and the equivalent circuit using variable resistors ( R n for n-type resistance and R p for p-type resistance). b Materials for each layer of the bilayer are included where the n-type BBL represents the red bottom layer and the p-type PEDOT:PSS represents the blue top layer. c Schematic of the bilayer vOECT structure, where top and bottom electrodes are separated by the bilayer within the active area, or an insulating parylene layer outside the channel, and the top electrode is passivated using a photoresist layer. SEM image of the device is included for reference. d XPS data from the materials bilayer where sulfur (blue) indicates the presence of PEDOT:PSS and nitrogen (red) indicates the presence of BBL. e Transfer curves of the BBL-PEDOT bilayer, BBL, and PEDOT vOECTs overlaid with a prediction of the BBL-PEDOT bilayer using the circuit in ( a ). ( W = 100 µm, V DS = 0.1 V) ( f ) Change in full width at half maximum with differing ratios of BBL to PEDOT thickness. There is no statistically significant difference in FWHM ( n > 5, p = 0.12). g Change in peak Position with differing ratios of BBL to PEDOT thickness. There are statistically significant differences for peak position (one-way ANOVA with Tukey post hoc test p < 0.05, n > 5, p = 0.015). Both panel ( f , g ) display mean (diamond), median (line), quartiles (box), and 5–95 whiskers."
10-1038-s41467-024-54696-y__fig01_d,/ssd2/liwentao/SciFigureHub/FigureComplexityDataset_3levels_threshold_1_3_4_5_6_10/low/physics/multi_line/10-1038-s41467-024-54696-y__fig01_d,/ssd2/liwentao/SciFigureHub/FigureComplexityDataset_3levels_threshold_1_3_4_5_6_10/low/physics/multi_line/10-1038-s41467-024-54696-y__fig01_d/target.png,/ssd2/liwentao/SciFigureHub/FigureComplexityDataset_3levels/low/physics/multi_line/10-1038-s41467-024-54696-y__fig01_d/target.pdf,/ssd2/liwentao/SciFigureHub/FigureComplexityDataset_3levels_threshold_1_3_4_5_6_10/low/physics/multi_line/10-1038-s41467-024-54696-y__fig01_d/reproduce_panel.png,/ssd2/liwentao/SciFigureHub/FigureComplexityDataset_3levels/low/physics/multi_line/10-1038-s41467-024-54696-y__fig01_d/reproduce_panel.pdf,/ssd2/liwentao/SciFigureHub/FigureComplexityDataset_3levels_threshold_1_3_4_5_6_10/low/physics/multi_line/10-1038-s41467-024-54696-y__fig01_d/reproduce_panel.py,/ssd2/liwentao/SciFigureHub/FigureComplexityDataset_3levels_threshold_1_3_4_5_6_10/low/physics/multi_line/10-1038-s41467-024-54696-y__fig01_d/description.md,/ssd2/liwentao/SciFigureHub/SciFigure2Code/audits/codex_dataset_audit_first100/10-1038-s41467-024-54696-y__fig01_d/audit.json,/ssd2/liwentao/SciFigureHub/SciFigure2Code/audits/codex_dataset_audit_first100/10-1038-s41467-024-54696-y__fig01_d/prompt.md,/ssd2/liwentao/SciFigureHub/SciFigure2Code/audits/codex_dataset_audit_first100/10-1038-s41467-024-54696-y__fig01_d/static_precheck.json,physics,AI_physics,multi_line,low,3,Nature Communications,10.1038/s41467-024-54696-y,,,clean,True,0.92,No meaningful benchmark-validity or readability issue found; the script uses editable Matplotlib data arrays and primitives without image dependency or raster tracing.,"This panel shows convergence time versus image resolution for three methods, with a large main plot and a log-scale inset comparing numerical differentiation against CPU and GPU autodiff. Dotted callouts annotate the large GPU and CPU speedup factors.","Overview and performance of XLuminA. a Software’s workflow shows integrated feedback between the AI discovery tool and the optics simulator. Initial random optical parameters shape the hardware design on a virtual optical table. The optics simulator computes the performance of the experiment through detected light, from which the objective function (for instance, the spot size ϕ , where FWHM stands for Full Width Half Maximum) is evaluated. To improve the cost function metric, the optimizer adjusts the optical parameters, creating an iterative cycle between the simulator and optimizer until convergence. b Average execution time (in seconds) over 100 runs at 2048 × 2048 pixel resolution, for scalar and vectorial field propagation using Rayleigh-Sommerfeld (RS, VRS) and Chirped z-transform (CZT, VCZT) algorithms in Diffractio and XLuminA. Using pre-compiled jitted functions, XLuminA achieves × 2 speedup for RS and CZT and × 2.5 for VRS and VCZT on CPU. GPU implementation improves the performance up to × 64 for RS, × 76 for CZT, × 80 for VRS, and × 78 for VCZT. c Average time (in seconds) over 5 runs for a single gradient evaluation using numerical differentiation (num. diff) with Diffractio’s optical simulator (blue dots) and auto-differentiation (autodiff) methods (green triangles for CPU and magenta squares for GPU) with XLuminA's optical simulator for different resolutions. At 250 × 250 pixel resolution, GPU-based XLuminA’s autodiff methods significantly outperform numerical methods by a factor of × 3.9 ⋅ 10 5 , and a factor of × 1.8 ⋅ 10 4 in the CPU. d Average time (in seconds) over 5 runs for convergence time, using numerical differentiation with Diffractio’s optical simulator and autodiff methods with XLuminA’s optical simulator for different resolutions. At 250 × 250 pixel resolution, GPU-based XLuminA’s autodiff methods significantly outperform numerical methods by a factor of × 2.1 ⋅ 10 4 and a factor of × 8.4 ⋅ 10 2 in the CPU. Standard deviation corresponds to shaded regions. We use BFGS and Adam optimizers, for numerical and autodiff approaches, respectively. The superior efficiency of autodiff over traditional numerical methods allows for highly efficient optimizations, particularly employing the large high resolutions we use (up to 2048 × 2048 pixels)."
10-1038-s41467-025-55986-9__fig03_c,/ssd2/liwentao/SciFigureHub/FigureComplexityDataset_3levels_threshold_1_3_4_5_6_10/medium/physics/heatmap/10-1038-s41467-025-55986-9__fig03_c,/ssd2/liwentao/SciFigureHub/FigureComplexityDataset_3levels_threshold_1_3_4_5_6_10/medium/physics/heatmap/10-1038-s41467-025-55986-9__fig03_c/target.png,/ssd2/liwentao/SciFigureHub/FigureComplexityDataset_3levels/medium/physics/heatmap/10-1038-s41467-025-55986-9__fig03_c/target.pdf,/ssd2/liwentao/SciFigureHub/FigureComplexityDataset_3levels_threshold_1_3_4_5_6_10/medium/physics/heatmap/10-1038-s41467-025-55986-9__fig03_c/reproduce_panel.png,/ssd2/liwentao/SciFigureHub/FigureComplexityDataset_3levels/medium/physics/heatmap/10-1038-s41467-025-55986-9__fig03_c/reproduce_panel.pdf,/ssd2/liwentao/SciFigureHub/FigureComplexityDataset_3levels_threshold_1_3_4_5_6_10/medium/physics/heatmap/10-1038-s41467-025-55986-9__fig03_c/reproduce_panel.py,/ssd2/liwentao/SciFigureHub/FigureComplexityDataset_3levels_threshold_1_3_4_5_6_10/medium/physics/heatmap/10-1038-s41467-025-55986-9__fig03_c/description.md,/ssd2/liwentao/SciFigureHub/SciFigure2Code/audits/codex_dataset_audit_first100/10-1038-s41467-025-55986-9__fig03_c/audit.json,/ssd2/liwentao/SciFigureHub/SciFigure2Code/audits/codex_dataset_audit_first100/10-1038-s41467-025-55986-9__fig03_c/prompt.md,/ssd2/liwentao/SciFigureHub/SciFigure2Code/audits/codex_dataset_audit_first100/10-1038-s41467-025-55986-9__fig03_c/static_precheck.json,physics,AI_physics,heatmap,medium,4,Nature Communications,10.1038/s41467-025-55986-9,,,clean,True,0.92,"No meaningful audit issue found; the heatmap is generated from a synthetic numeric field without image loading or raster tracing, and visible text remains readable.","This panel shows an OR heatmap over FP and RP primer free energies, with a compact high-efficiency/high-specificity hotspot near about -11.5 kcal/mol. A dashed white box and arrow annotation highlight the optimized free-energy region, and a vertical colorbar encodes OR values.","Parameters optimization of MPHAC. a – c Simulated results of amplification efficiency ( a ), specificity ( b ) and odds ratio (OR) ( c ) under different primer free energies based on the theoretical model. Details of the model construction are provided in Supplementary Section 3 . The white dashed box represents the free energy range for 80% of FL-primers in 100,000-plex primer pairs. Amplification efficiency positively correlates with free energy, while specificity exhibits the opposite trend. We considered the amplification efficiency and specificity together by OR, and the results suggest that the primer free energy can be optimized around −11.5 kcal mol −1 . ( d ) . e OR values under different length FL-primers and FE-primers ( d ) and different primer free energies ( e ). Here, the coefficient of variation (CV) is a measure of the relative dispersion of a data set, expressed as the ratio of the standard deviation to the mean. f Primer length and free energy distribution. Six sets of FE-primers and six sets of FL-primers were designed based on plasmid sequences. g Monitoring primer hybridization fluorescence kinetics using X-probe. Experimental data are represented by dots, and simulated data is depicted by lines. h Simulated hybridization yields for primers when A = B (left) and A > > B (right). Here, A refers to the primer, and B denotes the reverse complementary sequence of the primer (template). The range of hybridization yields for FE-primers is considerably narrower (pink) than that of FL-primers (blue). i PCR results for FE- and FL-primers. Data are presented as mean ± standard deviation (SD), based on measurements from 3 independent samples. Here, Ct value (Cycle threshold value) represents the cycle number at which the fluorescence signal exceeds a defined threshold, indicating the presence of the target. Theoretically, identical concentrations of the target should result in the same Ct value. Source data are provided as a Source Data file."
10-1038-s41467-025-59232-0__fig03_c,/ssd2/liwentao/SciFigureHub/FigureComplexityDataset_3levels_threshold_1_3_4_5_6_10/medium/physics/scatter_with_fit/10-1038-s41467-025-59232-0__fig03_c,/ssd2/liwentao/SciFigureHub/FigureComplexityDataset_3levels_threshold_1_3_4_5_6_10/medium/physics/scatter_with_fit/10-1038-s41467-025-59232-0__fig03_c/target.png,/ssd2/liwentao/SciFigureHub/FigureComplexityDataset_3levels/medium/physics/scatter_with_fit/10-1038-s41467-025-59232-0__fig03_c/target.pdf,/ssd2/liwentao/SciFigureHub/FigureComplexityDataset_3levels_threshold_1_3_4_5_6_10/medium/physics/scatter_with_fit/10-1038-s41467-025-59232-0__fig03_c/reproduce_panel.png,/ssd2/liwentao/SciFigureHub/FigureComplexityDataset_3levels/medium/physics/scatter_with_fit/10-1038-s41467-025-59232-0__fig03_c/reproduce_panel.pdf,/ssd2/liwentao/SciFigureHub/FigureComplexityDataset_3levels_threshold_1_3_4_5_6_10/medium/physics/scatter_with_fit/10-1038-s41467-025-59232-0__fig03_c/reproduce_panel.py,/ssd2/liwentao/SciFigureHub/FigureComplexityDataset_3levels_threshold_1_3_4_5_6_10/medium/physics/scatter_with_fit/10-1038-s41467-025-59232-0__fig03_c/description.md,/ssd2/liwentao/SciFigureHub/SciFigure2Code/audits/codex_dataset_audit_first100/10-1038-s41467-025-59232-0__fig03_c/audit.json,/ssd2/liwentao/SciFigureHub/SciFigure2Code/audits/codex_dataset_audit_first100/10-1038-s41467-025-59232-0__fig03_c/prompt.md,/ssd2/liwentao/SciFigureHub/SciFigure2Code/audits/codex_dataset_audit_first100/10-1038-s41467-025-59232-0__fig03_c/static_precheck.json,physics,AI_physics,scatter_with_fit,medium,5,Nature Communications,10.1038/s41467-025-59232-0,,,clean,True,0.93,No meaningful QC issue found; the code creates editable synthetic scatter/hexbin data with Matplotlib and the rendered panel has readable labels without invalid image reuse.,"A four-subplot scatter-with-density panel compares force RMSE against differential entropy for Fullerenes, Graphite, Nanotubes, and Graphene, with orange average-error curves and a right-side o.o.d. annotation. The panel shows higher errors at larger entropy values, using the Defects dataset as the reference.","Information entropy quantifies overlaps between datasets and predicts errors in machine learning potentials. a Overlap between test and reference sets for the GAP-20 carbon dataset 39 . Only a subset of the data is shown for clarity (see Fig. S16 for complete matrix). b Test errors (in %) of a MACE model 22 trained on one of the subsets of the GAP-20 dataset shown in ( a ), and tested on the other subsets. Each point corresponds to a single (train, test) pair. Models with higher overlaps between train and test sets exhibit substantially smaller errors. c Correlation between force root mean squared errors (RMSE, in eV Å −1 ) and the differential entropy \documentclass[12pt]{minimal} \usepackage{amsmath} \usepackage{wasysym} \usepackage{amsfonts} \usepackage{amssymb} \usepackage{amsbsy} \usepackage{mathrsfs} \usepackage{upgreek} \setlength{\oddsidemargin}{-69pt} \begin{document}$$\delta {{{\mathcal{H}}}}({{{\bf{Y}}}}| {{{\rm{Defects}}}})$$\end{document} δ H ( Y ∣ Defects ) for environments Y from different datasets computed using the dataset “Defects” as reference. The RMSE corresponds to the error of models trained on the “Defects” subset of GAP-20 and tested on the other environments. The average RMSE (orange line) increases with higher \documentclass[12pt]{minimal} \usepackage{amsmath} \usepackage{wasysym} \usepackage{amsfonts} \usepackage{amssymb} \usepackage{amsbsy} \usepackage{mathrsfs} \usepackage{upgreek} \setlength{\oddsidemargin}{-69pt} \begin{document}$$\delta {{{\mathcal{H}}}}$$\end{document} δ H . For “Fullerenes”, The values of \documentclass[12pt]{minimal} \usepackage{amsmath} \usepackage{wasysym} \usepackage{amsfonts} \usepackage{amssymb} \usepackage{amsbsy} \usepackage{mathrsfs} \usepackage{upgreek} \setlength{\oddsidemargin}{-69pt} \begin{document}$$\delta {{{\mathcal{H}}}}$$\end{document} δ H were truncated to 100 nats for clarity."
10-1038-s41467-025-60626-3__fig01_e,/ssd2/liwentao/SciFigureHub/FigureComplexityDataset_3levels_threshold_1_3_4_5_6_10/high/materials/heatmap/10-1038-s41467-025-60626-3__fig01_e,/ssd2/liwentao/SciFigureHub/FigureComplexityDataset_3levels_threshold_1_3_4_5_6_10/high/materials/heatmap/10-1038-s41467-025-60626-3__fig01_e/target.png,/ssd2/liwentao/SciFigureHub/FigureComplexityDataset_3levels/medium/materials/heatmap/10-1038-s41467-025-60626-3__fig01_e/target.pdf,/ssd2/liwentao/SciFigureHub/FigureComplexityDataset_3levels_threshold_1_3_4_5_6_10/high/materials/heatmap/10-1038-s41467-025-60626-3__fig01_e/reproduce_panel.png,/ssd2/liwentao/SciFigureHub/FigureComplexityDataset_3levels/medium/materials/heatmap/10-1038-s41467-025-60626-3__fig01_e/reproduce_panel.pdf,/ssd2/liwentao/SciFigureHub/FigureComplexityDataset_3levels_threshold_1_3_4_5_6_10/high/materials/heatmap/10-1038-s41467-025-60626-3__fig01_e/reproduce_panel.py,/ssd2/liwentao/SciFigureHub/FigureComplexityDataset_3levels_threshold_1_3_4_5_6_10/high/materials/heatmap/10-1038-s41467-025-60626-3__fig01_e/description.md,/ssd2/liwentao/SciFigureHub/SciFigure2Code/audits/codex_dataset_audit_first100/10-1038-s41467-025-60626-3__fig01_e/audit.json,/ssd2/liwentao/SciFigureHub/SciFigure2Code/audits/codex_dataset_audit_first100/10-1038-s41467-025-60626-3__fig01_e/prompt.md,/ssd2/liwentao/SciFigureHub/SciFigure2Code/audits/codex_dataset_audit_first100/10-1038-s41467-025-60626-3__fig01_e/static_precheck.json,materials,AI_materials,heatmap,high,6,Nature Communications,10.1038/s41467-025-60626-3,,,clean,True,0.93,"The reproduction uses generated modal field matrices with standard heatmap rendering, has no original-image dependency, and shows no readability-damaging text overlap.","This panel compares output field thumbnails for 20 guided modes from a traditional square dielectric waveguide, a diffractive waveguide, and their relative-error maps. It is a three-section grid with per-section colorbars, mode labels, and 25λ scale bars.","Comparison between a traditional dielectric waveguide and a diffractive waveguide. a The cross-section of a traditional square dielectric waveguide consisting of core and cladding dielectric regions, which transmit certain guided spatial modes with high fidelity. b The refractive index cross-sectional profile of the square dielectric waveguide. c Schematic of a cascadable diffractive waveguide unit designed to match the performance of the square dielectric waveguide. d Phase modulation patterns of the trained diffractive layers of the diffractive waveguide. e Output fields from the square dielectric waveguide and the diffractive waveguide are compared, with the relative errors displayed. The output fields of the traditional dielectric waveguide were calculated by a full-vectorial finite-difference method, serving as the ground truth for evaluating the output fields of the diffractive waveguide. The modes are denoted as \documentclass[12pt]{minimal} \usepackage{amsmath} \usepackage{wasysym} \usepackage{amsfonts} \usepackage{amssymb} \usepackage{amsbsy} \usepackage{mathrsfs} \usepackage{upgreek} \setlength{\oddsidemargin}{-69pt} \begin{document}$${M}_{0} \sim {M}_{19}$$\end{document} M 0 ~ M 19 ."
10-1038-s41467-025-61108-2__fig04_c,/ssd2/liwentao/SciFigureHub/FigureComplexityDataset_3levels_threshold_1_3_4_5_6_10/medium/physics/violin/10-1038-s41467-025-61108-2__fig04_c,/ssd2/liwentao/SciFigureHub/FigureComplexityDataset_3levels_threshold_1_3_4_5_6_10/medium/physics/violin/10-1038-s41467-025-61108-2__fig04_c/target.png,/ssd2/liwentao/SciFigureHub/FigureComplexityDataset_3levels/medium/physics/violin/10-1038-s41467-025-61108-2__fig04_c/target.pdf,/ssd2/liwentao/SciFigureHub/FigureComplexityDataset_3levels_threshold_1_3_4_5_6_10/medium/physics/violin/10-1038-s41467-025-61108-2__fig04_c/reproduce_panel.png,/ssd2/liwentao/SciFigureHub/FigureComplexityDataset_3levels/medium/physics/violin/10-1038-s41467-025-61108-2__fig04_c/reproduce_panel.pdf,/ssd2/liwentao/SciFigureHub/FigureComplexityDataset_3levels_threshold_1_3_4_5_6_10/medium/physics/violin/10-1038-s41467-025-61108-2__fig04_c/reproduce_panel.py,/ssd2/liwentao/SciFigureHub/FigureComplexityDataset_3levels_threshold_1_3_4_5_6_10/medium/physics/violin/10-1038-s41467-025-61108-2__fig04_c/description.md,/ssd2/liwentao/SciFigureHub/SciFigure2Code/audits/codex_dataset_audit_first100/10-1038-s41467-025-61108-2__fig04_c/audit.json,/ssd2/liwentao/SciFigureHub/SciFigure2Code/audits/codex_dataset_audit_first100/10-1038-s41467-025-61108-2__fig04_c/prompt.md,/ssd2/liwentao/SciFigureHub/SciFigure2Code/audits/codex_dataset_audit_first100/10-1038-s41467-025-61108-2__fig04_c/static_precheck.json,physics,AI_physics,violin,medium,5,Nature Communications,10.1038/s41467-025-61108-2,,,clean,True,0.93,"No meaningful QC issue found: the code constructs editable Matplotlib split violins from synthetic numeric distributions without loading or tracing source imagery, and the rendered text remains readable.","This panel shows paired split-violin distributions of TIF values across 20 amino acids, comparing two groups with blue and pink half-violins and dashed horizontal reference lines. The amino acids are ordered along the x-axis and TIF spans roughly 0 to 1 on the y-axis.","Thermophilic and mesophilic proteins are topologically different. Highly persistent topological features in dimension 2 identify voids in protein structures. Voids in thermophilic organisms are in general, smaller in volume than in their mesophilic counterparts, as exemplified here by Glucose-6-phosphate 1-dehydrogenase ( A ). The observation is made consistently across enzymes from 10 different EC numbers, shown here in a stacked horizontal bar chart ( B ). Thus, the area of each bin corresponds to fractions of voids within a certain size range. Molecules with approximately representative sizes are illustrated for each of the four bins. Error bars shown in grey around bin boundaries (dotted lines) are calculated as the standard deviation from sampling 1000 voids. Furthermore, no compensating influence of amino acid frequencies around voids has been detected to reduce the significance of the results. This is illustrated for each amino acid (sorted from lowest to highest AA volume) by TIF distributions, which indicate their occupancy around voids ( C ). Dashed lines show averages. The ATP and polypeptide icons were produced using BioRender. Source data are provided as a Source Data file in Source_data/source_data_Figure4C-S16.tsv."
10-1038-s41467-025-62443-0__fig01_b,/ssd2/liwentao/SciFigureHub/FigureComplexityDataset_3levels_threshold_1_3_4_5_6_10/high/physics/heatmap/10-1038-s41467-025-62443-0__fig01_b,/ssd2/liwentao/SciFigureHub/FigureComplexityDataset_3levels_threshold_1_3_4_5_6_10/high/physics/heatmap/10-1038-s41467-025-62443-0__fig01_b/target.png,/ssd2/liwentao/SciFigureHub/FigureComplexityDataset_3levels/medium/physics/heatmap/10-1038-s41467-025-62443-0__fig01_b/target.pdf,/ssd2/liwentao/SciFigureHub/FigureComplexityDataset_3levels_threshold_1_3_4_5_6_10/high/physics/heatmap/10-1038-s41467-025-62443-0__fig01_b/reproduce_panel.png,/ssd2/liwentao/SciFigureHub/FigureComplexityDataset_3levels/medium/physics/heatmap/10-1038-s41467-025-62443-0__fig01_b/reproduce_panel.pdf,/ssd2/liwentao/SciFigureHub/FigureComplexityDataset_3levels_threshold_1_3_4_5_6_10/high/physics/heatmap/10-1038-s41467-025-62443-0__fig01_b/reproduce_panel.py,/ssd2/liwentao/SciFigureHub/FigureComplexityDataset_3levels_threshold_1_3_4_5_6_10/high/physics/heatmap/10-1038-s41467-025-62443-0__fig01_b/description.md,/ssd2/liwentao/SciFigureHub/SciFigure2Code/audits/codex_dataset_audit_first100/10-1038-s41467-025-62443-0__fig01_b/audit.json,/ssd2/liwentao/SciFigureHub/SciFigure2Code/audits/codex_dataset_audit_first100/10-1038-s41467-025-62443-0__fig01_b/prompt.md,/ssd2/liwentao/SciFigureHub/SciFigure2Code/audits/codex_dataset_audit_first100/10-1038-s41467-025-62443-0__fig01_b/static_precheck.json,physics,AI_physics,heatmap,high,6,Nature Communications,10.1038/s41467-025-62443-0,,,clean,True,0.92,"The reproduction uses editable synthetic phase and heatmap functions without loading source imagery or raster-tracing, and the visible text remains readable.","This panel shows a left-side phase profile curve and a right-side Airy-beam propagation heatmap with two red dashed guides, white directional arrows, and labels for F and theta. It depicts a generated Airy beam trajectory and its propagation geometry rather than a generic heatmap.","Generation and features of Airy beams. a A self-healing finite-energy Airy beam can be generated by applying an electric field described by a scaled Airy function at the transmitting aperture, along with a truncation factor. The radiation pattern is calculated by the theoretical closed-form Airy beam propagation equation with \documentclass[12pt]{minimal} \usepackage{amsmath} \usepackage{wasysym} \usepackage{amsfonts} \usepackage{amssymb} \usepackage{amsbsy} \usepackage{mathrsfs} \usepackage{upgreek} \setlength{\oddsidemargin}{-69pt} \begin{document}$$\alpha$$\end{document} α = 0.05. Here, we set \documentclass[12pt]{minimal} \usepackage{amsmath} \usepackage{wasysym} \usepackage{amsfonts} \usepackage{amssymb} \usepackage{amsbsy} \usepackage{mathrsfs} \usepackage{upgreek} \setlength{\oddsidemargin}{-69pt} \begin{document}$${x}_{o}$$\end{document} x o = 2.5 mm at 120 GHz. b A desired arbitrary Airy beam can be generated at a specified distance and orientation using Fourier optics. A cubic phase and a focusing phase mask are superpositioned at the transmitting aperture to create an Airy profile at the marked plane, from which onward the Airy beam propagates. The red dashed line shows where the Airy propagation starts. Here, we set \documentclass[12pt]{minimal} \usepackage{amsmath} \usepackage{wasysym} \usepackage{amsfonts} \usepackage{amssymb} \usepackage{amsbsy} \usepackage{mathrsfs} \usepackage{upgreek} \setlength{\oddsidemargin}{-69pt} \begin{document}$$B=7,{F}=0.1{m},\,\theta=-{20}^{\circ }$$\end{document} B = 7 , F = 0.1 m , θ = − 20 ∘ at 120 GHz. c There exists an infinite number of feasible Airy trajectories that can be configured between the transmitter to the receiver. Here, we show 3 examples of such beams. d The received power of the 3 example beam configurations with and without the blocker."
10-1038-s41467-025-63852-x__fig02_c,/ssd2/liwentao/SciFigureHub/FigureComplexityDataset_3levels_threshold_1_3_4_5_6_10/medium/physics/multi_line/10-1038-s41467-025-63852-x__fig02_c,/ssd2/liwentao/SciFigureHub/FigureComplexityDataset_3levels_threshold_1_3_4_5_6_10/medium/physics/multi_line/10-1038-s41467-025-63852-x__fig02_c/target.png,/ssd2/liwentao/SciFigureHub/FigureComplexityDataset_3levels/medium/physics/multi_line/10-1038-s41467-025-63852-x__fig02_c/target.pdf,/ssd2/liwentao/SciFigureHub/FigureComplexityDataset_3levels_threshold_1_3_4_5_6_10/medium/physics/multi_line/10-1038-s41467-025-63852-x__fig02_c/reproduce_panel.png,/ssd2/liwentao/SciFigureHub/FigureComplexityDataset_3levels/medium/physics/multi_line/10-1038-s41467-025-63852-x__fig02_c/reproduce_panel.pdf,/ssd2/liwentao/SciFigureHub/FigureComplexityDataset_3levels_threshold_1_3_4_5_6_10/medium/physics/multi_line/10-1038-s41467-025-63852-x__fig02_c/reproduce_panel.py,/ssd2/liwentao/SciFigureHub/FigureComplexityDataset_3levels_threshold_1_3_4_5_6_10/medium/physics/multi_line/10-1038-s41467-025-63852-x__fig02_c/description.md,/ssd2/liwentao/SciFigureHub/SciFigure2Code/audits/codex_dataset_audit_first100/10-1038-s41467-025-63852-x__fig02_c/audit.json,/ssd2/liwentao/SciFigureHub/SciFigure2Code/audits/codex_dataset_audit_first100/10-1038-s41467-025-63852-x__fig02_c/prompt.md,/ssd2/liwentao/SciFigureHub/SciFigure2Code/audits/codex_dataset_audit_first100/10-1038-s41467-025-63852-x__fig02_c/static_precheck.json,physics,AI_physics,multi_line,medium,4,Nature Communications,10.1038/s41467-025-63852-x,,,clean,True,0.94,No meaningful QC issues found; the code builds an editable two-panel log-scale line plot from explicit data arrays without image dependency or raster tracing.,"This panel shows two stacked log-scale line charts of mean absolute error versus training-set size N. The upper plot compares force MAE for short-range and long-range models, and the lower plot compares charge MAE for the same model variants.","Benchmark of the short-range and long-range models on bulk and interfacial electrolytes. a A bulk electrolyte configuration (upper panel) and an electrolyte-vapor configuration (lower panel) of KF in water electrolyte of 1 KF ion pair and 233 water molecules, randomly selected from the training set. b Comparison of the true and the predicted charges for the Cartesian atomic cluster expansion (CACE) long-range (CACE-LR) models with a cutoff radius r cut of 4.5 Å and trained on N configurations. c The mean absolute errors (MAEs) on forces (F), and charges for short-range (SR) and long-range (LR) models trained using different N numbers of samples. The MP1 indicates models using one message-passing layer."
10-1038-s41467-025-63860-x__fig02_f,/ssd2/liwentao/SciFigureHub/FigureComplexityDataset_3levels_threshold_1_3_4_5_6_10/medium/materials/scatter/10-1038-s41467-025-63860-x__fig02_f,/ssd2/liwentao/SciFigureHub/FigureComplexityDataset_3levels_threshold_1_3_4_5_6_10/medium/materials/scatter/10-1038-s41467-025-63860-x__fig02_f/target.png,/ssd2/liwentao/SciFigureHub/FigureComplexityDataset_3levels/medium/materials/scatter/10-1038-s41467-025-63860-x__fig02_f/target.pdf,/ssd2/liwentao/SciFigureHub/FigureComplexityDataset_3levels_threshold_1_3_4_5_6_10/medium/materials/scatter/10-1038-s41467-025-63860-x__fig02_f/reproduce_panel.png,/ssd2/liwentao/SciFigureHub/FigureComplexityDataset_3levels/medium/materials/scatter/10-1038-s41467-025-63860-x__fig02_f/reproduce_panel.pdf,/ssd2/liwentao/SciFigureHub/FigureComplexityDataset_3levels_threshold_1_3_4_5_6_10/medium/materials/scatter/10-1038-s41467-025-63860-x__fig02_f/reproduce_panel.py,/ssd2/liwentao/SciFigureHub/FigureComplexityDataset_3levels_threshold_1_3_4_5_6_10/medium/materials/scatter/10-1038-s41467-025-63860-x__fig02_f/description.md,/ssd2/liwentao/SciFigureHub/SciFigure2Code/audits/codex_dataset_audit_first100/10-1038-s41467-025-63860-x__fig02_f/audit.json,/ssd2/liwentao/SciFigureHub/SciFigure2Code/audits/codex_dataset_audit_first100/10-1038-s41467-025-63860-x__fig02_f/prompt.md,/ssd2/liwentao/SciFigureHub/SciFigure2Code/audits/codex_dataset_audit_first100/10-1038-s41467-025-63860-x__fig02_f/static_precheck.json,materials,AI_materials,scatter,medium,4,Nature Communications,10.1038/s41467-025-63860-x,,,clean,True,0.95,No meaningful audit issue found; the code generates an editable synthetic parity scatter plot with inset violin and does not load or trace the target/source image.,This panel is a parity scatter plot comparing DFT-calculated and machine-learning-predicted M-C formation energies. It also includes a small inset violin plot of absolute errors and an annotation block with R² and MAE values.,"Schematic illustrations and prediction performances on the C ads Database of the RFR and GAT models. a Schematic illustrations of site representation-based random forest regression (RFR) models. Parity plots of the density functional theory (DFT) calculated versus machine learning (ML) predicted formation energies of metal‒carbon bonds (M‒C) from the combined validation set in 5-fold cross-validation (CV) using the RFR models with different site representations through ( b ) sites, ( c ) sites and site neighbors, as well as ( d ) sites, site neighbors and coordination numbers (CN). e Schematic illustrations of the connectivity-based graph attention network (GAT) models without embedded CN (GAT-w/oCN) or with embedded CN (GAT-wCN) using GAT convolution (GATConv). Parity plots of the DFT-calculated versus ML-predicted formation energies of M‒C with 5-fold CV using ( f ) GAT-w/oCN and ( g ) GAT-wCN models. The C ads Database with 5096 entries is provided in the GitHub repository at Data Availability. Mean absolute error (MAE) and R 2 values are provided in parity plots from the RFR and GAT models; the violin plot in the inset shows the absolute error distributions; the inner dashed line represents the median (unit: eV)."
10-1038-s41467-025-66001-6__fig04_d,/ssd2/liwentao/SciFigureHub/FigureComplexityDataset_3levels_threshold_1_3_4_5_6_10/medium/physics/box/10-1038-s41467-025-66001-6__fig04_d,/ssd2/liwentao/SciFigureHub/FigureComplexityDataset_3levels_threshold_1_3_4_5_6_10/medium/physics/box/10-1038-s41467-025-66001-6__fig04_d/target.png,/ssd2/liwentao/SciFigureHub/FigureComplexityDataset_3levels/medium/physics/box/10-1038-s41467-025-66001-6__fig04_d/target.pdf,/ssd2/liwentao/SciFigureHub/FigureComplexityDataset_3levels_threshold_1_3_4_5_6_10/medium/physics/box/10-1038-s41467-025-66001-6__fig04_d/reproduce_panel.png,/ssd2/liwentao/SciFigureHub/FigureComplexityDataset_3levels/medium/physics/box/10-1038-s41467-025-66001-6__fig04_d/reproduce_panel.pdf,/ssd2/liwentao/SciFigureHub/FigureComplexityDataset_3levels_threshold_1_3_4_5_6_10/medium/physics/box/10-1038-s41467-025-66001-6__fig04_d/reproduce_panel.py,/ssd2/liwentao/SciFigureHub/FigureComplexityDataset_3levels_threshold_1_3_4_5_6_10/medium/physics/box/10-1038-s41467-025-66001-6__fig04_d/description.md,/ssd2/liwentao/SciFigureHub/SciFigure2Code/audits/codex_dataset_audit_first100/10-1038-s41467-025-66001-6__fig04_d/audit.json,/ssd2/liwentao/SciFigureHub/SciFigure2Code/audits/codex_dataset_audit_first100/10-1038-s41467-025-66001-6__fig04_d/prompt.md,/ssd2/liwentao/SciFigureHub/SciFigure2Code/audits/codex_dataset_audit_first100/10-1038-s41467-025-66001-6__fig04_d/static_precheck.json,physics,AI_physics,box,medium,4,Nature Communications,10.1038/s41467-025-66001-6,,,clean,True,0.94,"No meaningful audit issues found; the code builds an editable Matplotlib box-and-scatter plot from synthetic/statistical values without image dependency, and labels remain readable.","This panel shows box-and-whisker plots with jittered scatter points comparing cross-session and cross-participant R2 performance for target-only and target-plus-reference models, grouped for 1-participant and 9-participant training. The left half is orange-tinted for cross-session results and the right half is purple-tinted for cross-participant results.","Multi-Participant Models and Cross-Participant Generalization. a , b Categorical line plots of multi-participant, from 1 to 9 participants, models R 2 performance. Each point represents the median of the R 2 distribution of each recording tested for the four DoFs ( a ) and only the pronation-supination and hand opening-closing DoFs ( b ). Error bars represent the distribution standard deviation. Includes results for cross-session (circle, orange) and cross-participant (pentagram, purple) evaluations. c , d Box and whisker plot with scatter points of R 2 results for each recording. Scatter points represent the median R 2 across the four DoFs for each recording tested for the four DoFs ( c ) and only the pronation-supination and hand opening-closing DoFs ( d ). Results are separated between cross-session and cross-participant validations with pairs of models trained without and with (Target + Referencing) and without (Target) the referencing strategy. Pairs are shown for models trained with only one participant and with 9 participants. The y axis was cropped at −1 for visualization purposes. e , f Examples of cross-participant validation recordings with predictions from the models with 1 participant and no reference and from 9 participants with reference. A hand Open-Close DoF wrist recording of participant five ( e ) and a Pronation-Supination DoF functional recording of participant seven ( f ). g The proposed model combines a reference neutral position frame (hand relaxed with the ulnar styloid pointing downwards) with the target position frame. Both are combined in a two channel image used as input to the convolutional model."
10-1038-s41467-025-66220-x__fig05_b,/ssd2/liwentao/SciFigureHub/FigureComplexityDataset_3levels_threshold_1_3_4_5_6_10/medium/biology/grouped_bar/10-1038-s41467-025-66220-x__fig05_b,/ssd2/liwentao/SciFigureHub/FigureComplexityDataset_3levels_threshold_1_3_4_5_6_10/medium/biology/grouped_bar/10-1038-s41467-025-66220-x__fig05_b/target.png,/ssd2/liwentao/SciFigureHub/FigureComplexityDataset_3levels/medium/biology/grouped_bar/10-1038-s41467-025-66220-x__fig05_b/target.pdf,/ssd2/liwentao/SciFigureHub/FigureComplexityDataset_3levels_threshold_1_3_4_5_6_10/medium/biology/grouped_bar/10-1038-s41467-025-66220-x__fig05_b/reproduce_panel.png,/ssd2/liwentao/SciFigureHub/FigureComplexityDataset_3levels/medium/biology/grouped_bar/10-1038-s41467-025-66220-x__fig05_b/reproduce_panel.pdf,/ssd2/liwentao/SciFigureHub/FigureComplexityDataset_3levels_threshold_1_3_4_5_6_10/medium/biology/grouped_bar/10-1038-s41467-025-66220-x__fig05_b/reproduce_panel.py,/ssd2/liwentao/SciFigureHub/FigureComplexityDataset_3levels_threshold_1_3_4_5_6_10/medium/biology/grouped_bar/10-1038-s41467-025-66220-x__fig05_b/description.md,/ssd2/liwentao/SciFigureHub/SciFigure2Code/audits/codex_dataset_audit_first100/10-1038-s41467-025-66220-x__fig05_b/audit.json,/ssd2/liwentao/SciFigureHub/SciFigure2Code/audits/codex_dataset_audit_first100/10-1038-s41467-025-66220-x__fig05_b/prompt.md,/ssd2/liwentao/SciFigureHub/SciFigure2Code/audits/codex_dataset_audit_first100/10-1038-s41467-025-66220-x__fig05_b/static_precheck.json,biology,AI_biology,grouped_bar,medium,4,Nature Communications,10.1038/s41467-025-66220-x,,,clean,True,0.93,No meaningful audit issue found; the reproduction is an editable grouped bar chart with visible labels and no image-dependency or raster-tracing failure.,"This panel shows zero-shot slide-classification performance across six pathology datasets plus an Overall average using three grouped bars per dataset with error bars and significance brackets. The Overall group is highlighted, and each bar is labeled with its macro-AUC value.","Vision-language evaluation. a The scheme of zero-shot evaluation. For zero-shot classification, we used class prompts as the text input. For zero-shot retrieval, the text input is a pathology report. b Performance of zero-shot slide classification on 6 independent datasets. The ʻOverallʼ refers to the averaged performance across these 6 datasets. Error bars represent 95% CI with 1000 bootstrap replicates for all bar plots. P-value is given through one-sided Wilcoxon signed-rank test between mSTAR and the second-best FM. c Performance of zero-shot retrieval on an external dataset for Image-to-Text and Text-to-Image tasks. The results on held-out TCGA dataset are presented for reference only to be compared with zero-shot’s capability. d Performance of report generation on one held-out TCGA dataset and two external datasets. P-value for every group of experiments is given through one-sided Wilcoxon signed-rank test between mSTAR and the second-best FM. Detailed performances of every dataset are presented in Supplementary Table 15 – 17 . Source data are provided as a Source Data file."
10-1038-s41467-025-67709-1__fig03_b,/ssd2/liwentao/SciFigureHub/FigureComplexityDataset_3levels_threshold_1_3_4_5_6_10/low/geography/time_series/10-1038-s41467-025-67709-1__fig03_b,/ssd2/liwentao/SciFigureHub/FigureComplexityDataset_3levels_threshold_1_3_4_5_6_10/low/geography/time_series/10-1038-s41467-025-67709-1__fig03_b/target.png,/ssd2/liwentao/SciFigureHub/FigureComplexityDataset_3levels/low/geography/time_series/10-1038-s41467-025-67709-1__fig03_b/target.pdf,/ssd2/liwentao/SciFigureHub/FigureComplexityDataset_3levels_threshold_1_3_4_5_6_10/low/geography/time_series/10-1038-s41467-025-67709-1__fig03_b/reproduce_panel.png,/ssd2/liwentao/SciFigureHub/FigureComplexityDataset_3levels/low/geography/time_series/10-1038-s41467-025-67709-1__fig03_b/reproduce_panel.pdf,/ssd2/liwentao/SciFigureHub/FigureComplexityDataset_3levels_threshold_1_3_4_5_6_10/low/geography/time_series/10-1038-s41467-025-67709-1__fig03_b/reproduce_panel.py,/ssd2/liwentao/SciFigureHub/FigureComplexityDataset_3levels_threshold_1_3_4_5_6_10/low/geography/time_series/10-1038-s41467-025-67709-1__fig03_b/description.md,/ssd2/liwentao/SciFigureHub/SciFigure2Code/audits/codex_dataset_audit_first100/10-1038-s41467-025-67709-1__fig03_b/audit.json,/ssd2/liwentao/SciFigureHub/SciFigure2Code/audits/codex_dataset_audit_first100/10-1038-s41467-025-67709-1__fig03_b/prompt.md,/ssd2/liwentao/SciFigureHub/SciFigure2Code/audits/codex_dataset_audit_first100/10-1038-s41467-025-67709-1__fig03_b/static_precheck.json,geography,geography,time_series,low,3,Nature Communications,10.1038/s41467-025-67709-1,,,clean,True,0.95,No meaningful QC issue found; the reproduction uses editable matplotlib primitives and synthetic time-series arrays without direct image loading or raster tracing.,"This panel shows paired slow-relaxing and fast-relaxing simulation time series for bound clutch fraction, migration distance, and migration speed. It highlights longer trapping on the slow-relaxing side and larger step-like displacement on the fast-relaxing side, with t_p annotations on the distance traces.","Simulations implicate longer trapping time gives rise to sub-diffusive migration and larger step sizes gives rise to super-diffusive migration. A Sequential depiction of cell-matrix interactions during migration: (i) Clutch imbalance at the two ends governs migration distance D s and speed V m . (ii) Clutch failure on the left end initiates cell movement to the right. (iii)-(iv) Migration occurs intermittently, with pauses (referred to as trap time) due to clutch balance. (v) Clutch failure on right end propels cell to the right. B Bound clutch fraction shows the clutch distribution at the two ends. Migration distance and velocity plots represent the migration trajectory with time. Clutches remain balanced during periods of trapping and correlate with minimal change in migration distance and speed. C Experimental images illustrate periods of cell trapping with no net displacements during migration trajectory. D Schematic representation of trapping parameters and step size. E , (i) Simulations predict longer trapping times with long-tails for slow-relaxing substrates and (ii) large step sizes with heavy-tailed distribution on fast-relaxing substrates. F Experiments validate trap time and step size distributions for slow and fast-relaxing substrates. The unpaired two-tailed Student’s t test was used for data analysis. E (i): P = 1.52E−13; n = 50 (fast) and 50 (slow) independent simulations; E (ii): P = 1.55E−39; n = 1383 (fast) and 1771 (slow) observations across 50 independent trajectory simulations; F (i): P = 1.79E−21; n = 36 (fast) and 32 (slow) cells over three experiments; F (ii): P = 0.039; n = 125 (fast) and 88 (slow) cells over three different experiments. G Kurtosis number captures heavy-tailedness. For a distribution having rare events, the Kurtosis number is higher. H The Kurtosis number ratio between trapping time and step size is correlated with the sub-diffusive migration mode. (Black dotted lines represent mean in the violin plots. ‘ns’ represents not significant p > 0.05, * p < 0.05, ** p < 0.01, *** p < 0.001, **** p < 0.0001)."
10-1038-s41467-025-67815-0__fig05_d,/ssd2/liwentao/SciFigureHub/FigureComplexityDataset_3levels_threshold_1_3_4_5_6_10/medium/geography/bar/10-1038-s41467-025-67815-0__fig05_d,/ssd2/liwentao/SciFigureHub/FigureComplexityDataset_3levels_threshold_1_3_4_5_6_10/medium/geography/bar/10-1038-s41467-025-67815-0__fig05_d/target.png,/ssd2/liwentao/SciFigureHub/FigureComplexityDataset_3levels/medium/geography/bar/10-1038-s41467-025-67815-0__fig05_d/target.pdf,/ssd2/liwentao/SciFigureHub/FigureComplexityDataset_3levels_threshold_1_3_4_5_6_10/medium/geography/bar/10-1038-s41467-025-67815-0__fig05_d/reproduce_panel.png,/ssd2/liwentao/SciFigureHub/FigureComplexityDataset_3levels/medium/geography/bar/10-1038-s41467-025-67815-0__fig05_d/reproduce_panel.pdf,/ssd2/liwentao/SciFigureHub/FigureComplexityDataset_3levels_threshold_1_3_4_5_6_10/medium/geography/bar/10-1038-s41467-025-67815-0__fig05_d/reproduce_panel.py,/ssd2/liwentao/SciFigureHub/FigureComplexityDataset_3levels_threshold_1_3_4_5_6_10/medium/geography/bar/10-1038-s41467-025-67815-0__fig05_d/description.md,/ssd2/liwentao/SciFigureHub/SciFigure2Code/audits/codex_dataset_audit_first100/10-1038-s41467-025-67815-0__fig05_d/audit.json,/ssd2/liwentao/SciFigureHub/SciFigure2Code/audits/codex_dataset_audit_first100/10-1038-s41467-025-67815-0__fig05_d/prompt.md,/ssd2/liwentao/SciFigureHub/SciFigure2Code/audits/codex_dataset_audit_first100/10-1038-s41467-025-67815-0__fig05_d/static_precheck.json,geography,geography,bar,medium,4,Nature Communications,10.1038/s41467-025-67815-0,,,clean,True,0.96,"No meaningful audit issue found; the code builds an editable horizontal bar chart from explicit labels, values, colors, and Matplotlib primitives without image dependency or raster tracing.",This panel shows a horizontal bar chart of model-averaged predictor importance for the effect of nitrogen enrichment on the soil bacterial Shannon index. A dashed vertical cutoff near 0.8 highlights which predictors are considered important.,"Model-averaged importance of predictors for effects of nitrogen(N) enrichment on plant and soil biodiversity based on Akaike information criteria. The relative importance of nitrogen (N) enrichment rate and duration, climate (mean annual tempertaure, and aridity index), nitrogen (N) enrichment-induced changes in soil nutrients (ammonium and nitrate), pH and plant diversity (richness and Shannon index) and aboveground biomass on effects of N enrichment on plant and soil biodiversity based on the cumulative sum of Akaike weights derived from the model selection using corrected Akaike’s information criteria. a , b Plant species richness and Shannon index. c , d Soil bacterial richness and Shannon index. e , f Soil fungal richness and Shannon index. g Soil nematode Shannon index. The dashed lines present the importance value of 0.8, which is selected as the cut-off value of importance to differentiate important and non-essential predictors according to Terrer et al. 94 . Variables with a dashed line exceeding 0.8 is considered important, based on the entire dataset observations ( n = 3816). Source data are provided as a Source Data file."
10-1038-s41467-025-67854-7__fig03_e,/ssd2/liwentao/SciFigureHub/FigureComplexityDataset_3levels_threshold_1_3_4_5_6_10/medium/geography/dot_plot/10-1038-s41467-025-67854-7__fig03_e,/ssd2/liwentao/SciFigureHub/FigureComplexityDataset_3levels_threshold_1_3_4_5_6_10/medium/geography/dot_plot/10-1038-s41467-025-67854-7__fig03_e/target.png,/ssd2/liwentao/SciFigureHub/FigureComplexityDataset_3levels/medium/geography/dot_plot/10-1038-s41467-025-67854-7__fig03_e/target.pdf,/ssd2/liwentao/SciFigureHub/FigureComplexityDataset_3levels_threshold_1_3_4_5_6_10/medium/geography/dot_plot/10-1038-s41467-025-67854-7__fig03_e/reproduce_panel.png,/ssd2/liwentao/SciFigureHub/FigureComplexityDataset_3levels/medium/geography/dot_plot/10-1038-s41467-025-67854-7__fig03_e/reproduce_panel.pdf,/ssd2/liwentao/SciFigureHub/FigureComplexityDataset_3levels_threshold_1_3_4_5_6_10/medium/geography/dot_plot/10-1038-s41467-025-67854-7__fig03_e/reproduce_panel.py,/ssd2/liwentao/SciFigureHub/FigureComplexityDataset_3levels_threshold_1_3_4_5_6_10/medium/geography/dot_plot/10-1038-s41467-025-67854-7__fig03_e/description.md,/ssd2/liwentao/SciFigureHub/SciFigure2Code/audits/codex_dataset_audit_first100/10-1038-s41467-025-67854-7__fig03_e/audit.json,/ssd2/liwentao/SciFigureHub/SciFigure2Code/audits/codex_dataset_audit_first100/10-1038-s41467-025-67854-7__fig03_e/prompt.md,/ssd2/liwentao/SciFigureHub/SciFigure2Code/audits/codex_dataset_audit_first100/10-1038-s41467-025-67854-7__fig03_e/static_precheck.json,geography,geography,dot_plot,medium,4,Nature Communications,10.1038/s41467-025-67854-7,,,clean,True,0.96,No meaningful audit issue found; the code uses editable scatter/errorbar primitives with explicit data arrays and no source-image dependency.,"This panel shows a two-group dot plot of COL-I fluorescence intensity in AAN kidneys, comparing WT-Sh3 with ASD2Δ-Sh3 mice. Individual points, mean with SEM, and a single significance bracket indicate lower intensity in the ASD2Δ-Sh3 group.","Global ASD2Δ-Sh3 mice showing reduced TIF vs WT-Sh3 overexpression in AAN model. a Schema of AAN in CAGS-rtTA/WT-Sh3 or ASD2Δ-Sh3 ( n = 5 mice each; Created in BioRender. Caplan, M. (2026) https://BioRender.com/nxzeqir ). Blue, red symbols depict WT-Sh3, ASD2Δ-Sh3 mice, respectively. b Dot-plot of serum creatinine levels in AAN mice at 9-weeks ( n = 5 each; Unpaired T -test p = 0.039) ( c ) Dot-plot quantifications of blue-stained areas (10 fields/animal; n = 5 animals/group; Unpaired T -test p = 0.024) and ( d ) corresponding representative slide-wide images (4X) showing Masson’s Trichrome staining (MTS) in AAN in CAGS-rtTA/WT-Sh3 vs ASD2Δ-Sh3. e–h Dot-plots showing ( e , g ) quantification of intensity of fluorescence and ( f , h ) corresponding representative immunofluorescence (IF) images (at 40X) for Collagen-I, and Collagen-III of AAN kidneys in CAGS-rtTA/WT-Sh3 vs ASD2Δ-Sh3, respectively (10 hpf/animal; n = 5 animals/group; Mann-Whitney p -values for Collagen-I ( p = 0.032) and Collagen-III ( p = 0.032)). i Bulk transcriptome evaluation of injured kidneys by RNAseq was performed at 9-wks CAGS-rtTA-WT-Sh3 or -ASD2Δ-Sh3 mice ( n = 4 each). The read count data were analyzed by DESeq2 using a negative binomial generalized linear model. Principal component analysis plot shows clustering between the two conditions. j Bar graphs showing significantly selected enriched pathways (EnrichR) with upregulated DEGs in ASD2Δ-Sh3 (upper) or WT-Sh3 (lower panel) (adjusted p -values from Fisher’s exact test; n = 4 each). Fold changes/ p -values for upper and lower panels of DEGs are in Supplementary dataset S1a and S1b , respectively. k Bar graph representing the relative mRNA expressions of pro-fibrotic transcripts, injury/inflammation- and tubular homeostasis genes from AAN-kidneys of WT-Sh3 and ASD2Δ-Sh3 ( n = 5 each; Unpaired T -tests or Mann-Whitney tests (if non-normal distribution) were used for comparison and exact p-values are in the source data file). l Representative immunoblots of p-Smad3/Smad3/Vinculin from kidney tissue lysates of WT-Sh3 vs. ASD2Δ-Sh3 mice ( n = 2 each), and ( m ) corresponding dot-plots for quantification (Mann-Whitney p = 0.029; n = 4 mice/group) ( n ) Bar graphs show analogous pathways obtained from genes co-expressed with SHROOM3 in 2 human CKD datasets (adjusted p -values from Fisher’s exact test; See references 32 & 34 for study details) [Line and whiskers indicate mean ± SEM; Two-tailed p -values denoted as * p < 0.05, ** p < 0.01; DEGs = Differentially expressed genes; hpf = high power field; AAN = Aristolochic Acid Nephropathy]."
10-1038-s41467-025-68272-5__fig03_h,/ssd2/liwentao/SciFigureHub/FigureComplexityDataset_3levels_threshold_1_3_4_5_6_10/low/biology/grouped_bar/10-1038-s41467-025-68272-5__fig03_h,/ssd2/liwentao/SciFigureHub/FigureComplexityDataset_3levels_threshold_1_3_4_5_6_10/low/biology/grouped_bar/10-1038-s41467-025-68272-5__fig03_h/target.png,/ssd2/liwentao/SciFigureHub/FigureComplexityDataset_3levels/low/biology/grouped_bar/10-1038-s41467-025-68272-5__fig03_h/target.pdf,/ssd2/liwentao/SciFigureHub/FigureComplexityDataset_3levels_threshold_1_3_4_5_6_10/low/biology/grouped_bar/10-1038-s41467-025-68272-5__fig03_h/reproduce_panel.png,/ssd2/liwentao/SciFigureHub/FigureComplexityDataset_3levels/low/biology/grouped_bar/10-1038-s41467-025-68272-5__fig03_h/reproduce_panel.pdf,/ssd2/liwentao/SciFigureHub/FigureComplexityDataset_3levels_threshold_1_3_4_5_6_10/low/biology/grouped_bar/10-1038-s41467-025-68272-5__fig03_h/reproduce_panel.py,/ssd2/liwentao/SciFigureHub/FigureComplexityDataset_3levels_threshold_1_3_4_5_6_10/low/biology/grouped_bar/10-1038-s41467-025-68272-5__fig03_h/description.md,/ssd2/liwentao/SciFigureHub/SciFigure2Code/audits/codex_dataset_audit_first100/10-1038-s41467-025-68272-5__fig03_h/audit.json,/ssd2/liwentao/SciFigureHub/SciFigure2Code/audits/codex_dataset_audit_first100/10-1038-s41467-025-68272-5__fig03_h/prompt.md,/ssd2/liwentao/SciFigureHub/SciFigure2Code/audits/codex_dataset_audit_first100/10-1038-s41467-025-68272-5__fig03_h/static_precheck.json,biology,AI_biology,grouped_bar,low,3,Nature Communications,10.1038/s41467-025-68272-5,,,clean,True,0.96,No meaningful audit issues found; the code reconstructs the grouped bar chart from explicit data arrays with editable matplotlib primitives and no source-image dependency.,"This panel is a grouped bar chart of IFN-γ secretion comparing m19 and b20/19 CAR T cells across Day-14, Day-21, and Day-28, with replicate dots, SEM error bars, and significance brackets. In the visible crop, Day-28 shows only the b20/19 group.","Comparative in vivo efficacy of monospecific versus bispecific CAR T cells against CD19 − antigen escape. a Schematic timeline of in vivo lymphoma model for evaluation of monospecific and bispecific CAR T cells. Mice were xenografted with RajiWT cells (expressing CD19, CD20, and CD22) (day 0), followed by administration of m19 or b20/19 CAR T cells on day 5 and subsequent RajiCD19 −/− TR on day 12, 19 and 26. Created in BioRender. Chauhan, V. (2025) https://BioRender.com/uj3gas6 . b Bioluminescent imaging and ( c ) stacked area plot showing tumor burden quantification show effective tumor control by b20/19 CAR T cells versus m19 CARs ( n = 5). d CAR T cell survival over time ( n = 5 mice). e Kaplan-Meier survival curves showing survival outcomes over 70 days ( n = 5 mice). f Analysis of residual tumor CD19 or CD20 tumor cells over time ( n = 5 mice). g , h Bar plot showing Granzyme B and IFN-γ secretion from human CD8 + CAR T cells isolated b20/19 post-treatment to confirm functional cytotoxicity of b20/19 against CD19⁻ targets ( n = 5). The CAR T cells isolated from mice that received conventional monospecific (m)CD19 CAR T cells served as the control for comparison. i , j TR induced upregulation of exhaustion markers PD-1 and LAG-3 ( n = 5 mice). k Immunophenotyping of CAR T cells post-TR shows loss of central memory (T cm ) populations and increased PD-1 expression, consistent with functional exhaustion and limited engraftment ( n = 5 mice). Data represents mean ± SEM. ** p < 0.01; *** p < 0.005; **** p < 0.001. A non-parametric t-test was used for statistical analysis between groups, and for ( k ), a Two-way ANOVA followed by post-hoc testing was applied. Source data are provided as a Source Data file."
10-1038-s41467-025-68279-y__fig03_t,/ssd2/liwentao/SciFigureHub/FigureComplexityDataset_3levels_threshold_1_3_4_5_6_10/high/geography/multi_line/10-1038-s41467-025-68279-y__fig03_t,/ssd2/liwentao/SciFigureHub/FigureComplexityDataset_3levels_threshold_1_3_4_5_6_10/high/geography/multi_line/10-1038-s41467-025-68279-y__fig03_t/target.png,/ssd2/liwentao/SciFigureHub/FigureComplexityDataset_3levels/medium/geography/multi_line/10-1038-s41467-025-68279-y__fig03_t/target.pdf,/ssd2/liwentao/SciFigureHub/FigureComplexityDataset_3levels_threshold_1_3_4_5_6_10/high/geography/multi_line/10-1038-s41467-025-68279-y__fig03_t/reproduce_panel.png,/ssd2/liwentao/SciFigureHub/FigureComplexityDataset_3levels/medium/geography/multi_line/10-1038-s41467-025-68279-y__fig03_t/reproduce_panel.pdf,/ssd2/liwentao/SciFigureHub/FigureComplexityDataset_3levels_threshold_1_3_4_5_6_10/high/geography/multi_line/10-1038-s41467-025-68279-y__fig03_t/reproduce_panel.py,/ssd2/liwentao/SciFigureHub/FigureComplexityDataset_3levels_threshold_1_3_4_5_6_10/high/geography/multi_line/10-1038-s41467-025-68279-y__fig03_t/description.md,/ssd2/liwentao/SciFigureHub/SciFigure2Code/audits/codex_dataset_audit_first100/10-1038-s41467-025-68279-y__fig03_t/audit.json,/ssd2/liwentao/SciFigureHub/SciFigure2Code/audits/codex_dataset_audit_first100/10-1038-s41467-025-68279-y__fig03_t/prompt.md,/ssd2/liwentao/SciFigureHub/SciFigure2Code/audits/codex_dataset_audit_first100/10-1038-s41467-025-68279-y__fig03_t/static_precheck.json,geography,geography,multi_line,high,6,Nature Communications,10.1038/s41467-025-68279-y,,,clean,True,0.94,No meaningful QC issue found; the code uses editable Matplotlib line/errorbar data and does not load or trace the target image.,"This panel shows average tumor volume over treatment days for six mouse-treatment groups, with error bars, a vertical legend, and multiple right-side p-value comparison brackets. It compares control, antibody-depletion, BMNs, and combination-treatment conditions in a multi-line tumor growth plot.","Development of antitumor immunity by the treatment of BMNs in multiple syngeneic tumor models. a Evaluation of tumor growth inhibition in 4T1 tumor-bearing mice during treatment ( n = 6,6,6,6,4 mice). b – d The treatment scheme for tolerability study of BMNs in BALB/c mice bearing 4T1 tumor: ( b ) body weight change of tumor-bearing BALB/c mice during treatment ( n = 5 mice), ( c) tumor growth curves ( n = 5 mice) and ( d ) survival rate of the mice that received tolerable doses of BMNs ( n = 5 mice). e Evaluation of tumor growth inhibition in 4T1 tumor-bearing mice during treatment to assess the impact of Na + ions on the antitumor effect of BMNs ( n = 5,3,5 mice). f , g Assessment of antitumor effect of BMNs against ( f ) CT26 colorectal cancer ( n = 6 mice) and ( g ) B16F10 melanoma ( n = 5 mice). h–m Flow cytometric analysis of T cell subsets within the TME of 4T1 tumors. ( h , k ) Representative plots, ( i , j ) quantitative assessment of tumor-infiltrating CD8 + and CD4 + T cells, and ( l ) T reg cells frequencies are gated from CD3 + CD4 + T cells. m Ratio of CD8 + to Foxp3 + T cells in the TME. n , o Evaluation of the cytokine productive functions of tumor-infiltrating ( n ) CD8 + and (o) CD4 + T cells. p Heat map visualization of the RT-qPCR analysis of gene expressions in the TME. q Quantification of mature DCs in the TDLNs. r Ratio of effector memory T cell populations in the spleen of treated mice ( n = 6 mice in i , j , l–o , q , r ). s , t Assessment of significance of CD8 + T cells in the therapeutic efficacy of BMNs: ( s ) tumor challenge and treatment schedule and ( t ) average tumor size of different groups ( n = 6 mice). a–c , e–g Tumor-bearing mice were treated with indicated formulation on days 0, 3, and 6 of the study. a , e–g On day 10 of treatment, tumors and major organs were harvested to analysis. a–c , e–g , i , j , l–o , q , r , t Data are presented as mean ± SD. a , c , e–g , t Two-way ANOVA with Tukey’s multiple comparison tests. i–j , l–o , q , r One-way ANOVA with Tukey’s multiple comparison tests. d Survival curves were obtained using the Kaplan–Meier method and compared by the log-rank Mantel-Cox test. Source data are provided as a Source Data file."
10-1038-s41467-026-68326-2__fig02_g,/ssd2/liwentao/SciFigureHub/FigureComplexityDataset_3levels_threshold_1_3_4_5_6_10/low/geography/grouped_bar/10-1038-s41467-026-68326-2__fig02_g,/ssd2/liwentao/SciFigureHub/FigureComplexityDataset_3levels_threshold_1_3_4_5_6_10/low/geography/grouped_bar/10-1038-s41467-026-68326-2__fig02_g/target.png,/ssd2/liwentao/SciFigureHub/FigureComplexityDataset_3levels/low/geography/grouped_bar/10-1038-s41467-026-68326-2__fig02_g/target.pdf,/ssd2/liwentao/SciFigureHub/FigureComplexityDataset_3levels_threshold_1_3_4_5_6_10/low/geography/grouped_bar/10-1038-s41467-026-68326-2__fig02_g/reproduce_panel.png,/ssd2/liwentao/SciFigureHub/FigureComplexityDataset_3levels/low/geography/grouped_bar/10-1038-s41467-026-68326-2__fig02_g/reproduce_panel.pdf,/ssd2/liwentao/SciFigureHub/FigureComplexityDataset_3levels_threshold_1_3_4_5_6_10/low/geography/grouped_bar/10-1038-s41467-026-68326-2__fig02_g/reproduce_panel.py,/ssd2/liwentao/SciFigureHub/FigureComplexityDataset_3levels_threshold_1_3_4_5_6_10/low/geography/grouped_bar/10-1038-s41467-026-68326-2__fig02_g/description.md,/ssd2/liwentao/SciFigureHub/SciFigure2Code/audits/codex_dataset_audit_first100/10-1038-s41467-026-68326-2__fig02_g/audit.json,/ssd2/liwentao/SciFigureHub/SciFigure2Code/audits/codex_dataset_audit_first100/10-1038-s41467-026-68326-2__fig02_g/prompt.md,/ssd2/liwentao/SciFigureHub/SciFigure2Code/audits/codex_dataset_audit_first100/10-1038-s41467-026-68326-2__fig02_g/static_precheck.json,geography,geography,grouped_bar,low,3,Nature Communications,10.1038/s41467-026-68326-2,,,clean,True,0.95,"The reproduction uses meaningful bar-chart data and matplotlib primitives, with no direct image dependency or harmful text/layout defects.",This panel shows a broken-axis grouped bar chart of residual concentrations for As and Cd before and after remediation in natural mining wastewater. The chart compares larger pre-remediation values with much smaller post-remediation values for both contaminants.,As III and Cd 2+ promote each other’s adsorption performance. A comparison chart of the adsorption capacities of reported adsorbents in the literature for a As and b Cd. c The removal capacity of LDO for As and Cd in single and co-contaminated system. d The sorption kinetics of As and Cd in different As/Cd initial concentration. e Weber‒Morris intraparticle diffusion plots of LDO for As/Cd co-contaminated system. f The residual concentrations of As and Cd at varying adsorbent dosages across different initial concentrations. The concentration of before and after remediation of g natural mining wastewater and h mining site soil in solution leached. The test results are the averages of three tests; As represents As III and Cd represents Cd 2+ in figures.
10-1038-s41467-026-68467-4__fig02_e,/ssd2/liwentao/SciFigureHub/FigureComplexityDataset_3levels_threshold_1_3_4_5_6_10/medium/geography/volcano_plot/10-1038-s41467-026-68467-4__fig02_e,/ssd2/liwentao/SciFigureHub/FigureComplexityDataset_3levels_threshold_1_3_4_5_6_10/medium/geography/volcano_plot/10-1038-s41467-026-68467-4__fig02_e/target.png,/ssd2/liwentao/SciFigureHub/FigureComplexityDataset_3levels/medium/geography/volcano_plot/10-1038-s41467-026-68467-4__fig02_e/target.pdf,/ssd2/liwentao/SciFigureHub/FigureComplexityDataset_3levels_threshold_1_3_4_5_6_10/medium/geography/volcano_plot/10-1038-s41467-026-68467-4__fig02_e/reproduce_panel.png,/ssd2/liwentao/SciFigureHub/FigureComplexityDataset_3levels/medium/geography/volcano_plot/10-1038-s41467-026-68467-4__fig02_e/reproduce_panel.pdf,/ssd2/liwentao/SciFigureHub/FigureComplexityDataset_3levels_threshold_1_3_4_5_6_10/medium/geography/volcano_plot/10-1038-s41467-026-68467-4__fig02_e/reproduce_panel.py,/ssd2/liwentao/SciFigureHub/FigureComplexityDataset_3levels_threshold_1_3_4_5_6_10/medium/geography/volcano_plot/10-1038-s41467-026-68467-4__fig02_e/description.md,/ssd2/liwentao/SciFigureHub/SciFigure2Code/audits/codex_dataset_audit_first100/10-1038-s41467-026-68467-4__fig02_e/audit.json,/ssd2/liwentao/SciFigureHub/SciFigure2Code/audits/codex_dataset_audit_first100/10-1038-s41467-026-68467-4__fig02_e/prompt.md,/ssd2/liwentao/SciFigureHub/SciFigure2Code/audits/codex_dataset_audit_first100/10-1038-s41467-026-68467-4__fig02_e/static_precheck.json,geography,geography,volcano_plot,medium,4,Nature Communications,10.1038/s41467-026-68467-4,,,clean,True,0.94,"No meaningful audit issues found; the reproduction uses synthetic scatter data and standard plotting primitives without image dependency, with readable labels and no damaging overlap.","This panel shows a blastocyst-stage MA plot of Log2 fold-change for Ezhip-matKO versus control against Log10 adjusted P-value. Gray points cluster near the center, while significant downregulated and upregulated genes form purple and orange lobes annotated with counts.","EZHIP regulates H3K27me3 deposition and transcription post-fertilization. a Representative image of H3K27me3 immunofluorescence signal for Ctr and Ezhip -matKO embryos at 2 C stage (Top) and blastocyst stages (Bottom). Counterstaining with Phalloidin (2 C) and DAPI (Blastocyst). Representative equatorial slice for 2 C stage and representative Z projection for blastocyst. Numbers of embryos analyzed for each stage are respectively for Ctr n = 12 and n = 5 and Ezhip -matKO n = 9 and n = 6. Scale bar is 10 μm. Right panel represents the mean nuclear to cytoplasmic (N/C) ratio of H3K27me3 staining for individual embryos (averaged over both cells in 2 C embryos, and over 10 cells in blastocysts). Mean and single values. Statistics: Welch’s t test two-tailed, P -value on graph. Raw data as a Source Data file. b Genome browser views for H3K27me3 CUT&RUN for Ctr or Ezhip -matKO at blastocyst stage. It is centered on chromosome 6 including the Hoxa gene cluster at two different resolutions. n⩾7 per sex and per genotype for CUT&RUN. c Hierarchical clustering analysis of allelic H3K27me3 distribution (10 kb windows) at different stages (oocyte (GVs) to blastocyst) for Ctr or Ezhip -matKO. d , e MA plot representing Log2 ratio of Ezhip -matKO/Ctr rpkm depending on the average rpkm in Ctr for embryos at the 2 C and blastocyst stages respectively. n⩾5 per sex, per genotype and per stage for RNAseq. f Correlation plot representing Log2(FoldChange) Ezhip -matKO/Ctr RNAseq at 2-cell stage in function of Log2(FoldChange) Kdm6b OverExpression /Ctr RNAseq at 2-cell stage (GSE153531). Linear fitting and corresponding equation are represented on the graph."
10-1038-s41467-026-68583-1__fig01_a,/ssd2/liwentao/SciFigureHub/FigureComplexityDataset_3levels_threshold_1_3_4_5_6_10/medium/geography/multi_line/10-1038-s41467-026-68583-1__fig01_a,/ssd2/liwentao/SciFigureHub/FigureComplexityDataset_3levels_threshold_1_3_4_5_6_10/medium/geography/multi_line/10-1038-s41467-026-68583-1__fig01_a/target.png,/ssd2/liwentao/SciFigureHub/FigureComplexityDataset_3levels/medium/geography/multi_line/10-1038-s41467-026-68583-1__fig01_a/target.pdf,/ssd2/liwentao/SciFigureHub/FigureComplexityDataset_3levels_threshold_1_3_4_5_6_10/medium/geography/multi_line/10-1038-s41467-026-68583-1__fig01_a/reproduce_panel.png,/ssd2/liwentao/SciFigureHub/FigureComplexityDataset_3levels/medium/geography/multi_line/10-1038-s41467-026-68583-1__fig01_a/reproduce_panel.pdf,/ssd2/liwentao/SciFigureHub/FigureComplexityDataset_3levels_threshold_1_3_4_5_6_10/medium/geography/multi_line/10-1038-s41467-026-68583-1__fig01_a/reproduce_panel.py,/ssd2/liwentao/SciFigureHub/FigureComplexityDataset_3levels_threshold_1_3_4_5_6_10/medium/geography/multi_line/10-1038-s41467-026-68583-1__fig01_a/description.md,/ssd2/liwentao/SciFigureHub/SciFigure2Code/audits/codex_dataset_audit_first100/10-1038-s41467-026-68583-1__fig01_a/audit.json,/ssd2/liwentao/SciFigureHub/SciFigure2Code/audits/codex_dataset_audit_first100/10-1038-s41467-026-68583-1__fig01_a/prompt.md,/ssd2/liwentao/SciFigureHub/SciFigure2Code/audits/codex_dataset_audit_first100/10-1038-s41467-026-68583-1__fig01_a/static_precheck.json,geography,geography,multi_line,medium,4,Nature Communications,10.1038/s41467-026-68583-1,,,clean,True,0.93,No meaningful audit issue found; the script constructs editable matplotlib line plots from concise point arrays without loading or tracing source images.,"This panel shows four co-titration line plots for portlandite nucleation without additives and with STMP, phytic acid, or PAA. Each subplot overlays blue calcium-response curves with pink transmittance curves and marks the signal drops with in-panel a/b callouts.","Nucleation dynamics of portlandite and gypsum. Co-titration data of the nucleation of portlandite ( a ) and gypsum ( b ), in absence and presence of different types of additives. The drop in the transmittance (pink) and calcium signal (dark blue) are denoted by the letters a and b, respectively (see also Table 1 ). The dark blue thin solid curve represents the concentration of added calcium during the experiment. All curves represent the average of three repetitions, except for portlandite + PAA, gypsum + phytic acid and gypsum + PAA, as these experiments showed too much variance between repetitions. To maintain clarity, this figure presents only the Ca-ISE and transmittance data, while the conductivity and pH data are provided in Supplementary Fig. S2 . Source data are provided as a Source Data file."
10-1038-s41467-026-68589-9__fig03_a,/ssd2/liwentao/SciFigureHub/FigureComplexityDataset_3levels_threshold_1_3_4_5_6_10/low/geography/histogram/10-1038-s41467-026-68589-9__fig03_a,/ssd2/liwentao/SciFigureHub/FigureComplexityDataset_3levels_threshold_1_3_4_5_6_10/low/geography/histogram/10-1038-s41467-026-68589-9__fig03_a/target.png,/ssd2/liwentao/SciFigureHub/FigureComplexityDataset_3levels/low/geography/histogram/10-1038-s41467-026-68589-9__fig03_a/target.pdf,/ssd2/liwentao/SciFigureHub/FigureComplexityDataset_3levels_threshold_1_3_4_5_6_10/low/geography/histogram/10-1038-s41467-026-68589-9__fig03_a/reproduce_panel.png,/ssd2/liwentao/SciFigureHub/FigureComplexityDataset_3levels/low/geography/histogram/10-1038-s41467-026-68589-9__fig03_a/reproduce_panel.pdf,/ssd2/liwentao/SciFigureHub/FigureComplexityDataset_3levels_threshold_1_3_4_5_6_10/low/geography/histogram/10-1038-s41467-026-68589-9__fig03_a/reproduce_panel.py,/ssd2/liwentao/SciFigureHub/FigureComplexityDataset_3levels_threshold_1_3_4_5_6_10/low/geography/histogram/10-1038-s41467-026-68589-9__fig03_a/description.md,/ssd2/liwentao/SciFigureHub/SciFigure2Code/audits/codex_dataset_audit_first100/10-1038-s41467-026-68589-9__fig03_a/audit.json,/ssd2/liwentao/SciFigureHub/SciFigure2Code/audits/codex_dataset_audit_first100/10-1038-s41467-026-68589-9__fig03_a/prompt.md,/ssd2/liwentao/SciFigureHub/SciFigure2Code/audits/codex_dataset_audit_first100/10-1038-s41467-026-68589-9__fig03_a/static_precheck.json,geography,geography,histogram,low,2,Nature Communications,10.1038/s41467-026-68589-9,,,clean,True,0.96,"The reproduction uses editable synthetic Matplotlib data and plotting primitives, with no meaningful clipping, overlap, raster tracing, or image dependency found.","This panel is a time-resolved counts-versus-time overlay for channels A, B, and C, with experimental point markers, fitted curves, a zoomed inset around the prompt peak, and a small panel label at the upper left.","Nighttime characterization results. a Return photon-counting histograms for each channel (A, B, and C) triggered at the source repetition rate of 50 MHz, displayed within one source period of 20 ns with one second integration time. Inset: magnified view of the primary signal peak. b A 200 ns excerpt of a return photon-counting histogram triggered at the pattern repetition rate of 100 kHz, integrated over one second. Peaks 1, 2 and 3 correspond to echo signal photons, modulator leaky photons, and dark counts, respectively. c Coincidence-based cross-correlation between the normalized reference electrical signal and the detected echo photons back from WMB, with an integration time of one second. The highest peak at 154.81822(5) m marks the measured range. Inset: expanded view of the main peak, showing periodic pulses from the original source. d The main peak, further magnified from the inset of c , fitted with a Gaussian function (red line)."
10-1038-s41467-026-68646-3__fig03_a,/ssd2/liwentao/SciFigureHub/FigureComplexityDataset_3levels_threshold_1_3_4_5_6_10/high/geography/scatter/10-1038-s41467-026-68646-3__fig03_a,/ssd2/liwentao/SciFigureHub/FigureComplexityDataset_3levels_threshold_1_3_4_5_6_10/high/geography/scatter/10-1038-s41467-026-68646-3__fig03_a/target.png,/ssd2/liwentao/SciFigureHub/FigureComplexityDataset_3levels/medium/geography/scatter/10-1038-s41467-026-68646-3__fig03_a/target.pdf,/ssd2/liwentao/SciFigureHub/FigureComplexityDataset_3levels_threshold_1_3_4_5_6_10/high/geography/scatter/10-1038-s41467-026-68646-3__fig03_a/reproduce_panel.png,/ssd2/liwentao/SciFigureHub/FigureComplexityDataset_3levels/medium/geography/scatter/10-1038-s41467-026-68646-3__fig03_a/reproduce_panel.pdf,/ssd2/liwentao/SciFigureHub/FigureComplexityDataset_3levels_threshold_1_3_4_5_6_10/high/geography/scatter/10-1038-s41467-026-68646-3__fig03_a/reproduce_panel.py,/ssd2/liwentao/SciFigureHub/FigureComplexityDataset_3levels_threshold_1_3_4_5_6_10/high/geography/scatter/10-1038-s41467-026-68646-3__fig03_a/description.md,/ssd2/liwentao/SciFigureHub/SciFigure2Code/audits/codex_dataset_audit_first100/10-1038-s41467-026-68646-3__fig03_a/audit.json,/ssd2/liwentao/SciFigureHub/SciFigure2Code/audits/codex_dataset_audit_first100/10-1038-s41467-026-68646-3__fig03_a/prompt.md,/ssd2/liwentao/SciFigureHub/SciFigure2Code/audits/codex_dataset_audit_first100/10-1038-s41467-026-68646-3__fig03_a/static_precheck.json,geography,geography,scatter,high,6,Nature Communications,10.1038/s41467-026-68646-3,,,clean,True,0.94,No meaningful audit issue found; the reproduction uses editable synthetic matplotlib scatter data without image dependency or raster tracing.,"This panel shows six stacked scatter-density plots of silicate pixel compositions, with Si atoms per formula unit on the x-axis and total Mg + Fe atoms per formula unit on the y-axis for samples 43z4 to 45z1. Each subplot includes a dotted stoichiometric guide, blue phase markers, and a white circle marking the mean silicate composition.",Stoichiometry of serpentine and other silicate phases in reaction zone samples from quantified EPMA element maps with all silicate phase pixels plotted. a Si atoms per formula unit (p.f.u; normalised to 7 oxygens) versus total Mg + Fe atoms p.f.u. showing increasing Si across the reaction zone progressing from lizardite to lizardite ± talc to increasingly non-stoichiometric talc-like compositions in interstitial silicates in 44z4 and 45z1. b Serpentine Cl versus Si p.f.u. showing a sharp drop off in maximum Cl contents away from stoichiometric lizardite (2 Si/7Ox.). Interstitial silicates in samples 44z4 and 45z1 show higher Cl contents for their Si content but make up a small proportion of the overall sample. The mean silicate composition for each sample is indicated by a white circle.
10-1038-s41467-026-68651-6__fig04_b,/ssd2/liwentao/SciFigureHub/FigureComplexityDataset_3levels_threshold_1_3_4_5_6_10/medium/geography/heatmap/10-1038-s41467-026-68651-6__fig04_b,/ssd2/liwentao/SciFigureHub/FigureComplexityDataset_3levels_threshold_1_3_4_5_6_10/medium/geography/heatmap/10-1038-s41467-026-68651-6__fig04_b/target.png,/ssd2/liwentao/SciFigureHub/FigureComplexityDataset_3levels/medium/geography/heatmap/10-1038-s41467-026-68651-6__fig04_b/target.pdf,/ssd2/liwentao/SciFigureHub/FigureComplexityDataset_3levels_threshold_1_3_4_5_6_10/medium/geography/heatmap/10-1038-s41467-026-68651-6__fig04_b/reproduce_panel.png,/ssd2/liwentao/SciFigureHub/FigureComplexityDataset_3levels/medium/geography/heatmap/10-1038-s41467-026-68651-6__fig04_b/reproduce_panel.pdf,/ssd2/liwentao/SciFigureHub/FigureComplexityDataset_3levels_threshold_1_3_4_5_6_10/medium/geography/heatmap/10-1038-s41467-026-68651-6__fig04_b/reproduce_panel.py,/ssd2/liwentao/SciFigureHub/FigureComplexityDataset_3levels_threshold_1_3_4_5_6_10/medium/geography/heatmap/10-1038-s41467-026-68651-6__fig04_b/description.md,/ssd2/liwentao/SciFigureHub/SciFigure2Code/audits/codex_dataset_audit_first100/10-1038-s41467-026-68651-6__fig04_b/audit.json,/ssd2/liwentao/SciFigureHub/SciFigure2Code/audits/codex_dataset_audit_first100/10-1038-s41467-026-68651-6__fig04_b/prompt.md,/ssd2/liwentao/SciFigureHub/SciFigure2Code/audits/codex_dataset_audit_first100/10-1038-s41467-026-68651-6__fig04_b/static_precheck.json,geography,geography,heatmap,medium,4,Nature Communications,10.1038/s41467-026-68651-6,,,clean,True,0.93,No meaningful audit issue found; the reproduction uses a small explicit heatmap matrix with editable plotting primitives and no source-image dependency.,"This panel shows a 2 by 13 heatmap of association test statistics between immunogenicity-related metrics and T cell activity for CD4 and CD8. The columns are grouped into abundance, presentation, and recognition categories, with a legend and a vertical -logP colorbar.","Integration of multi-dimensional metrics for immunogenicity prediction. a Comparison of allele aggregation methods. Results of the one-sided Mann-Whitney U test assess the association between TCR recognition metrics and T cell activities. The number of peptides was n = 1448 for MHC-I and n = 1373 for MHC-II. “Best_bind” indicates the best-binding allele approach, while “masked_max” refers to the masked maximum approach. b Association test for individual metrics in the NCI cohort ( n = 6952 peptides). One-sided Mann-Whitney U test results evaluate the relationship between each metric and T cell activities, where “NP” denotes “NeoPrecis”, “I” represents MHC-I, “II” represents MHC-II, “A” denotes abundance metrics, “P” denotes presentation metrics, and “R” denotes recognition metrics. “RNA_EXP_QRT” denotes the quartile of RNA expression level (TPM). Agretopicity denotes the agretopicity ratio. c AUROC values for 4-fold cross-validation repeated 100 times on the NCI cohort using different combinations of mutation-centric features ( n = 6952; CD8+ positive = 56 for MHC-I; CD4+ positive = 66 for MHC-II). In the boxplots, the center line represents the median of 100 repeats, boxes indicate the interquartile range (IQR; 25th–75th percentile), and whiskers extend to the most extreme data points within 1.5× the IQR. Outliers are depicted as individual circles. d Feature importance in the logistic regression model integrating multi-dimensional metrics. Features were standardized prior to modeling, and importance values are derived from logistic regression coefficients."
10-1038-s41467-026-68655-2__fig04_panel01,/ssd2/liwentao/SciFigureHub/FigureComplexityDataset_3levels_threshold_1_3_4_5_6_10/low/geography/other_data_display/10-1038-s41467-026-68655-2__fig04_panel01,/ssd2/liwentao/SciFigureHub/FigureComplexityDataset_3levels_threshold_1_3_4_5_6_10/low/geography/other_data_display/10-1038-s41467-026-68655-2__fig04_panel01/target.png,/ssd2/liwentao/SciFigureHub/FigureComplexityDataset_3levels/low/geography/other_data_display/10-1038-s41467-026-68655-2__fig04_panel01/target.pdf,/ssd2/liwentao/SciFigureHub/FigureComplexityDataset_3levels_threshold_1_3_4_5_6_10/low/geography/other_data_display/10-1038-s41467-026-68655-2__fig04_panel01/reproduce_panel.png,/ssd2/liwentao/SciFigureHub/FigureComplexityDataset_3levels/low/geography/other_data_display/10-1038-s41467-026-68655-2__fig04_panel01/reproduce_panel.pdf,/ssd2/liwentao/SciFigureHub/FigureComplexityDataset_3levels_threshold_1_3_4_5_6_10/low/geography/other_data_display/10-1038-s41467-026-68655-2__fig04_panel01/reproduce_panel.py,/ssd2/liwentao/SciFigureHub/FigureComplexityDataset_3levels_threshold_1_3_4_5_6_10/low/geography/other_data_display/10-1038-s41467-026-68655-2__fig04_panel01/description.md,/ssd2/liwentao/SciFigureHub/SciFigure2Code/audits/codex_dataset_audit_first100/10-1038-s41467-026-68655-2__fig04_panel01/audit.json,/ssd2/liwentao/SciFigureHub/SciFigure2Code/audits/codex_dataset_audit_first100/10-1038-s41467-026-68655-2__fig04_panel01/prompt.md,/ssd2/liwentao/SciFigureHub/SciFigure2Code/audits/codex_dataset_audit_first100/10-1038-s41467-026-68655-2__fig04_panel01/static_precheck.json,geography,geography,other_data_display,low,3,Nature Communications,10.1038/s41467-026-68655-2,,,clean,True,0.97,"Clean sample: the code recreates the standalone legend with explicit swatch colors, labels, and text without image loading, tracing, clipping, or meaningful overlap.","This panel is a standalone legend for offshore wind farm LCOE in China, titled 'Levelized cost (USD/MWh)'. It shows five color swatches ranging from below 150 to above 300 USD/MWh.","Spatial distribution of LCOE for offshore wind farms in China. Compared in this figure are the spatial distribution of farm-level offshore wind power LCOE in China (based on 3-row layout), with subfigures ( A – C ) representing the M-8S3G, M-8M3G, M-8L3G scenarios, highlighting the impact of wind farm scale on LCOE, C – E representing the M-8M3G, S2-8M3G, S5-8M3G scenarios, focusing on the influence of different wind speed datasets on LCOE. Scenarios for the 4-row layout are presented in Fig. S7 ."
10-1038-s41467-026-68725-5__fig02_g,/ssd2/liwentao/SciFigureHub/FigureComplexityDataset_3levels_threshold_1_3_4_5_6_10/medium/biology/other_data_display/10-1038-s41467-026-68725-5__fig02_g,/ssd2/liwentao/SciFigureHub/FigureComplexityDataset_3levels_threshold_1_3_4_5_6_10/medium/biology/other_data_display/10-1038-s41467-026-68725-5__fig02_g/target.png,/ssd2/liwentao/SciFigureHub/FigureComplexityDataset_3levels/medium/biology/other_data_display/10-1038-s41467-026-68725-5__fig02_g/target.pdf,/ssd2/liwentao/SciFigureHub/FigureComplexityDataset_3levels_threshold_1_3_4_5_6_10/medium/biology/other_data_display/10-1038-s41467-026-68725-5__fig02_g/reproduce_panel.png,/ssd2/liwentao/SciFigureHub/FigureComplexityDataset_3levels/medium/biology/other_data_display/10-1038-s41467-026-68725-5__fig02_g/reproduce_panel.pdf,/ssd2/liwentao/SciFigureHub/FigureComplexityDataset_3levels_threshold_1_3_4_5_6_10/medium/biology/other_data_display/10-1038-s41467-026-68725-5__fig02_g/reproduce_panel.py,/ssd2/liwentao/SciFigureHub/FigureComplexityDataset_3levels_threshold_1_3_4_5_6_10/medium/biology/other_data_display/10-1038-s41467-026-68725-5__fig02_g/description.md,/ssd2/liwentao/SciFigureHub/SciFigure2Code/audits/codex_dataset_audit_first100/10-1038-s41467-026-68725-5__fig02_g/audit.json,/ssd2/liwentao/SciFigureHub/SciFigure2Code/audits/codex_dataset_audit_first100/10-1038-s41467-026-68725-5__fig02_g/prompt.md,/ssd2/liwentao/SciFigureHub/SciFigure2Code/audits/codex_dataset_audit_first100/10-1038-s41467-026-68725-5__fig02_g/static_precheck.json,biology,AI_biology,other_data_display,medium,4,Nature Communications,10.1038/s41467-026-68725-5,,,clean,True,0.95,"The reproduction is an editable Matplotlib Euler diagram with readable labels and no evidence of image loading, raster tracing, or pixel painting.","This panel is an Euler diagram comparing cytotoxic and promiscuous compound sets before and after GO-enrichment filtering. It shows a large pale-blue promiscuous dataset, a smaller dark-blue enriched promiscuous subset, a pale-yellow cytotoxic dataset, and an orange enriched cytotoxic subset with numeric counts in each overlap region.","Performance of morphology- and structure-based models across diverse assay datasets and their association with cytotoxicity, apoptosis enrichment, and compound promiscuity. a The number of assays and b assay types predicted with AUC > 0.8 in the Hofmarcher dataset, c the number of assays with AUC > 0.7 in the Moshkov dataset, and d number of assays with AUC > 0.9 with linear probing models using CLOOME image and chemical structure-based embeddings in Sanchez-Fernandez et al compared to baseline cell count models. Multi-task neural network (results from Moshkov et al.) were trained using either CellProfiler morphological profiles, which have been batch-corrected (MOBC), or gene expression data (GE). Baseline cell count models were trained only using the “Cells_Number_Object_Number” morphology feature (cell count). Differing AUC cutoffs are used to be consistent with the originally published results for each dataset. e Proportion of compounds enriched for apoptosis/cell death (red), other GO terms (blue), or no significant GO terms (gray), stratified by normalized cell counts bins, standardized against plate-specific DMSO controls. Compound counts per bin are shown above bars. Apoptosis-related enrichment exceeded 70% in two of the three lowest bins and declined with increasing cell count. f Similar analysis of compound promiscuity (i.e., number of active target labels for each compound). Apoptosis enrichment generally increases among compounds with an increase of active labels. g Euler diagram showing overlap between cytotoxic ( n = 1520; orange) and promiscuous compounds ( n = 24,606; blue; “promiscuous” here refers to compounds with available bioactivity annotations across the Hofmarcher and Moshkov datasets, not a minimum activity threshold), before (light) and after (dark) GO enrichment filtering. 214 compounds were shared between the two enriched subsets. h Heatmap showing apoptosis enrichment (%) across combinations of cell count bins and promiscuity bins. Each tile indicates the percentage and count (apoptosis / total). Color intensity reflects the level of apoptotic enrichment. FNN Fully connected neural network, ResNet residual neural network, CLOOME Contrastive Learning and leave-One-Out-boost for Molecule Encoders."
10-1038-s41467-026-68829-y__fig03_a,/ssd2/liwentao/SciFigureHub/FigureComplexityDataset_3levels_threshold_1_3_4_5_6_10/medium/geography/time_series/10-1038-s41467-026-68829-y__fig03_a,/ssd2/liwentao/SciFigureHub/FigureComplexityDataset_3levels_threshold_1_3_4_5_6_10/medium/geography/time_series/10-1038-s41467-026-68829-y__fig03_a/target.png,/ssd2/liwentao/SciFigureHub/FigureComplexityDataset_3levels/medium/geography/time_series/10-1038-s41467-026-68829-y__fig03_a/target.pdf,/ssd2/liwentao/SciFigureHub/FigureComplexityDataset_3levels_threshold_1_3_4_5_6_10/medium/geography/time_series/10-1038-s41467-026-68829-y__fig03_a/reproduce_panel.png,/ssd2/liwentao/SciFigureHub/FigureComplexityDataset_3levels/medium/geography/time_series/10-1038-s41467-026-68829-y__fig03_a/reproduce_panel.pdf,/ssd2/liwentao/SciFigureHub/FigureComplexityDataset_3levels_threshold_1_3_4_5_6_10/medium/geography/time_series/10-1038-s41467-026-68829-y__fig03_a/reproduce_panel.py,/ssd2/liwentao/SciFigureHub/FigureComplexityDataset_3levels_threshold_1_3_4_5_6_10/medium/geography/time_series/10-1038-s41467-026-68829-y__fig03_a/description.md,/ssd2/liwentao/SciFigureHub/SciFigure2Code/audits/codex_dataset_audit_first100/10-1038-s41467-026-68829-y__fig03_a/audit.json,/ssd2/liwentao/SciFigureHub/SciFigure2Code/audits/codex_dataset_audit_first100/10-1038-s41467-026-68829-y__fig03_a/prompt.md,/ssd2/liwentao/SciFigureHub/SciFigure2Code/audits/codex_dataset_audit_first100/10-1038-s41467-026-68829-y__fig03_a/static_precheck.json,geography,geography,time_series,medium,5,Nature Communications,10.1038/s41467-026-68829-y,,,clean,True,0.94,"The reproduction uses editable Matplotlib stackplot data arrays and shows no meaningful overlap, tracing, or direct original-image dependency.","This panel shows annual CH4 emissions across China's shale gas value chain from 2012 to 2023 as a three-layer stacked area chart for upstream, midstream, and end use stages. It includes a panel letter, a total emissions annotation, year ticks, and a CH4 emissions y-axis in Mt.","Climate impact of China’s shale gas value chain during 2012–2023. a Annual CH 4 emissions across the shale gas value chain. b Annual CO 2 emissions across the shale gas value chain. c Annual contribution to global mean temperature change. The graph shows separate contributions from CH 4 and CO 2 emissions, with dotted lines representing the 95% confidence interval. d The contributions of centennial-scale cumulative temperature impact (from 2012) are categorized by the value chain stages and greenhouse gas types."
10-1038-s41467-026-68829-y__fig04_f,/ssd2/liwentao/SciFigureHub/FigureComplexityDataset_3levels_threshold_1_3_4_5_6_10/medium/geography/stacked_bar/10-1038-s41467-026-68829-y__fig04_f,/ssd2/liwentao/SciFigureHub/FigureComplexityDataset_3levels_threshold_1_3_4_5_6_10/medium/geography/stacked_bar/10-1038-s41467-026-68829-y__fig04_f/target.png,/ssd2/liwentao/SciFigureHub/FigureComplexityDataset_3levels/medium/geography/stacked_bar/10-1038-s41467-026-68829-y__fig04_f/target.pdf,/ssd2/liwentao/SciFigureHub/FigureComplexityDataset_3levels_threshold_1_3_4_5_6_10/medium/geography/stacked_bar/10-1038-s41467-026-68829-y__fig04_f/reproduce_panel.png,/ssd2/liwentao/SciFigureHub/FigureComplexityDataset_3levels/medium/geography/stacked_bar/10-1038-s41467-026-68829-y__fig04_f/reproduce_panel.pdf,/ssd2/liwentao/SciFigureHub/FigureComplexityDataset_3levels_threshold_1_3_4_5_6_10/medium/geography/stacked_bar/10-1038-s41467-026-68829-y__fig04_f/reproduce_panel.py,/ssd2/liwentao/SciFigureHub/FigureComplexityDataset_3levels_threshold_1_3_4_5_6_10/medium/geography/stacked_bar/10-1038-s41467-026-68829-y__fig04_f/description.md,/ssd2/liwentao/SciFigureHub/SciFigure2Code/audits/codex_dataset_audit_first100/10-1038-s41467-026-68829-y__fig04_f/audit.json,/ssd2/liwentao/SciFigureHub/SciFigure2Code/audits/codex_dataset_audit_first100/10-1038-s41467-026-68829-y__fig04_f/prompt.md,/ssd2/liwentao/SciFigureHub/SciFigure2Code/audits/codex_dataset_audit_first100/10-1038-s41467-026-68829-y__fig04_f/static_precheck.json,geography,geography,stacked_bar,medium,4,Nature Communications,10.1038/s41467-026-68829-y,,,clean,True,0.94,No meaningful audit issue found; the reproduction uses editable stacked bar primitives with explicit data arrays and no target/source image dependency.,"This panel shows national average carbon intensity for five shale-gas production scenarios as horizontal diverging stacked bars. Positive contributions are split into upstream, midstream, and downstream components, while CO2 sequestration appears as negative bars for the HW and CS scenarios with confidence-interval whiskers.","The carbon intensity of shale gas produced in China’s various shale gas reservoirs under different scenarios. a Business-as-usual emissions per unit of gas produced. b Optimized management (OM) scenario. c Optimized production (OP) scenario. d Handling depleted wells (HW) scenario. e Combined strategies scenario (CS). f The national average emissions per unit of natural gas production for each scenario (calculated after weighting for each shale gas reservoir). The cumulative bar charts in a-e illustrate the carbon intensity of unitary shale gas produced of different types of shale gas reservoirs in Sichuan Basin, Tarim Basin, and Ordos Basin, along with a 95% confidence interval."
10-1038-s41467-026-68944-w__fig05_d,/ssd2/liwentao/SciFigureHub/FigureComplexityDataset_3levels_threshold_1_3_4_5_6_10/high/geography/geospatial_map/10-1038-s41467-026-68944-w__fig05_d,/ssd2/liwentao/SciFigureHub/FigureComplexityDataset_3levels_threshold_1_3_4_5_6_10/high/geography/geospatial_map/10-1038-s41467-026-68944-w__fig05_d/target.png,/ssd2/liwentao/SciFigureHub/FigureComplexityDataset_3levels/medium/geography/geospatial_map/10-1038-s41467-026-68944-w__fig05_d/target.pdf,/ssd2/liwentao/SciFigureHub/FigureComplexityDataset_3levels_threshold_1_3_4_5_6_10/high/geography/geospatial_map/10-1038-s41467-026-68944-w__fig05_d/reproduce_panel.png,/ssd2/liwentao/SciFigureHub/FigureComplexityDataset_3levels/medium/geography/geospatial_map/10-1038-s41467-026-68944-w__fig05_d/reproduce_panel.pdf,/ssd2/liwentao/SciFigureHub/FigureComplexityDataset_3levels_threshold_1_3_4_5_6_10/high/geography/geospatial_map/10-1038-s41467-026-68944-w__fig05_d/reproduce_panel.py,/ssd2/liwentao/SciFigureHub/FigureComplexityDataset_3levels_threshold_1_3_4_5_6_10/high/geography/geospatial_map/10-1038-s41467-026-68944-w__fig05_d/description.md,/ssd2/liwentao/SciFigureHub/SciFigure2Code/audits/codex_dataset_audit_first100/10-1038-s41467-026-68944-w__fig05_d/audit.json,/ssd2/liwentao/SciFigureHub/SciFigure2Code/audits/codex_dataset_audit_first100/10-1038-s41467-026-68944-w__fig05_d/prompt.md,/ssd2/liwentao/SciFigureHub/SciFigure2Code/audits/codex_dataset_audit_first100/10-1038-s41467-026-68944-w__fig05_d/static_precheck.json,geography,geography,geospatial_map,high,6,Nature Communications,10.1038/s41467-026-68944-w,,,clean,True,0.9,No benchmark-invalid issue found; the map is generated from synthetic geospatial polygons and a procedural data field rather than copied or raster-traced from the target image.,"This panel shows a geospatial map of the Amazon basin colored by median mode magnitude, with latitude and longitude axes and a vertical colorbar. Higher values are concentrated in parts of the southern and northern Amazon while surrounding land is shown in gray.","Amazon vegetation stability. A Single eigenvalue of interest and maximum of all non-seasonal eigenvalues. B Spatial early-warning signals (Methods) on deseseasoned and detrended vegetation data, showing no clear temporal pattern. C Eigenvalue track in the complex plane showing a movement towards the unit circle over time, indicating loss of stability. D Map of the median spatial mode associated with the eigenvalue track of interest, showing that the mode is most strongly associated with the southern parts of the Amazon basin, which have been significantly affected by deforestation in recent decades 51 . E Change in the spatial mode map between the first and last 5 years of data. The change indicates that the increase in eigenvalue magnitude is strongest in the southern Amazon, as well as in some areas on the northern edge of the Amazon."
10-1038-s41467-026-68956-6__fig03_b,/ssd2/liwentao/SciFigureHub/FigureComplexityDataset_3levels_threshold_1_3_4_5_6_10/medium/biology/dot_plot/10-1038-s41467-026-68956-6__fig03_b,/ssd2/liwentao/SciFigureHub/FigureComplexityDataset_3levels_threshold_1_3_4_5_6_10/medium/biology/dot_plot/10-1038-s41467-026-68956-6__fig03_b/target.png,/ssd2/liwentao/SciFigureHub/FigureComplexityDataset_3levels/medium/biology/dot_plot/10-1038-s41467-026-68956-6__fig03_b/target.pdf,/ssd2/liwentao/SciFigureHub/FigureComplexityDataset_3levels_threshold_1_3_4_5_6_10/medium/biology/dot_plot/10-1038-s41467-026-68956-6__fig03_b/reproduce_panel.png,/ssd2/liwentao/SciFigureHub/FigureComplexityDataset_3levels/medium/biology/dot_plot/10-1038-s41467-026-68956-6__fig03_b/reproduce_panel.pdf,/ssd2/liwentao/SciFigureHub/FigureComplexityDataset_3levels_threshold_1_3_4_5_6_10/medium/biology/dot_plot/10-1038-s41467-026-68956-6__fig03_b/reproduce_panel.py,/ssd2/liwentao/SciFigureHub/FigureComplexityDataset_3levels_threshold_1_3_4_5_6_10/medium/biology/dot_plot/10-1038-s41467-026-68956-6__fig03_b/description.md,/ssd2/liwentao/SciFigureHub/SciFigure2Code/audits/codex_dataset_audit_first100/10-1038-s41467-026-68956-6__fig03_b/audit.json,/ssd2/liwentao/SciFigureHub/SciFigure2Code/audits/codex_dataset_audit_first100/10-1038-s41467-026-68956-6__fig03_b/prompt.md,/ssd2/liwentao/SciFigureHub/SciFigure2Code/audits/codex_dataset_audit_first100/10-1038-s41467-026-68956-6__fig03_b/static_precheck.json,biology,AI_biology,dot_plot,medium,4,Nature Communications,10.1038/s41467-026-68956-6,,,clean,True,0.94,No meaningful audit issues found; the reproduction is a data-driven Matplotlib dot plot without image dependency or raster tracing.,This panel shows differences in discriminative performance (Delta C-index) when omics information is added to clinical predictor sets across six cardiovascular outcomes. It uses point estimates with 95% bootstrap confidence intervals for three baseline model groups.,"Predictive performance of multiomics for cardiovascular diseases. a Discriminative performance of models trained on various predictor sets. Vertical dashed lines indicate the performance of the three clinical predictor sets. Discriminative performance was evaluated by Harrell’s C -index. b Differences in discriminative performance (Δ C -index) by adding omics information to clinical predictor sets. In both panels, data are presented as point estimates (measures of center) with error bars representing 95% confidence intervals estimated from 1000 bootstrap resamples. PRS polygenic risk score, CAD coronary artery disease, HF heart failure, AF atrial fibrillation, PAD peripheral artery disease, VTE venous thromboembolism. Source data are provided as a Source Data file."
10-1038-s41467-026-69138-0__fig03_b,/ssd2/liwentao/SciFigureHub/FigureComplexityDataset_3levels_threshold_1_3_4_5_6_10/low/geography/box/10-1038-s41467-026-69138-0__fig03_b,/ssd2/liwentao/SciFigureHub/FigureComplexityDataset_3levels_threshold_1_3_4_5_6_10/low/geography/box/10-1038-s41467-026-69138-0__fig03_b/target.png,/ssd2/liwentao/SciFigureHub/FigureComplexityDataset_3levels/low/geography/box/10-1038-s41467-026-69138-0__fig03_b/target.pdf,/ssd2/liwentao/SciFigureHub/FigureComplexityDataset_3levels_threshold_1_3_4_5_6_10/low/geography/box/10-1038-s41467-026-69138-0__fig03_b/reproduce_panel.png,/ssd2/liwentao/SciFigureHub/FigureComplexityDataset_3levels/low/geography/box/10-1038-s41467-026-69138-0__fig03_b/reproduce_panel.pdf,/ssd2/liwentao/SciFigureHub/FigureComplexityDataset_3levels_threshold_1_3_4_5_6_10/low/geography/box/10-1038-s41467-026-69138-0__fig03_b/reproduce_panel.py,/ssd2/liwentao/SciFigureHub/FigureComplexityDataset_3levels_threshold_1_3_4_5_6_10/low/geography/box/10-1038-s41467-026-69138-0__fig03_b/description.md,/ssd2/liwentao/SciFigureHub/SciFigure2Code/audits/codex_dataset_audit_first100/10-1038-s41467-026-69138-0__fig03_b/audit.json,/ssd2/liwentao/SciFigureHub/SciFigure2Code/audits/codex_dataset_audit_first100/10-1038-s41467-026-69138-0__fig03_b/prompt.md,/ssd2/liwentao/SciFigureHub/SciFigure2Code/audits/codex_dataset_audit_first100/10-1038-s41467-026-69138-0__fig03_b/static_precheck.json,geography,geography,box,low,3,Nature Communications,10.1038/s41467-026-69138-0,,,clean,True,0.95,"No meaningful audit issues found; the reproduction uses editable Matplotlib boxplot statistics without image loading or raster tracing, and the rendered labels remain readable.","This panel shows three stacked horizontal boxplot summaries for four Neotropical clades: genetic diversity, heterozygosity, and Tajima's D. Each subplot compares MA1, MA2, TD, and FG with colored boxes, whiskers, and a zero-reference line for Tajima's D.","Strains from the Neotropics show population structure correlated with geography. a Population structure of strains from the Neotropics and other regions of the world as reference at K = 24 made with ADMIXTURE ( n = 466); K = 24 was the K with the lowest cross-validation error (Supplementary Fig. 5 ); strains are sorted according to phylogenetic clades (first track from the left). To the right, the geographic locations of the strains are shown on a map of the tropical Americas, with sampling sites in Mexico, French Guiana, Ecuador and Brazil. The colors of the lines connecting strains to their geographic locations correspond to the most prevalent genetic component of the strain in the ADMIXTURE plot (second track from the left). MA1 Mexican agave 1, MA2 Mexican agave 2, TD Tequila Distillery, FG French Guiana, WB3 Wild Brazil 3. b Genetic diversity (π), c heterozygosity and d Tajima’s D of clades within the Neotropical cluster. Box plots show the 25th and 75th percentiles, with vertical lines indicating the median values. Whiskers extend to the minimum and maximum values within 1.5× the interquartile range; more extreme values are not shown. The number of strains considered for each clade are n = 20 for MA1; n = 178 for MA2; n = 15 for TD; n = 29 for FG; only the clades with more than 10 available sequences are shown. For the genetic diversity and Tajima’s D , the number of 10-kb windows used for the box plots are MA1 n = 1135, MA2 n = 1145, TD = 1144, and FG n = 1139. Source data are provided as a Source data file."
10-1038-s41467-026-69286-3__fig02_c,/ssd2/liwentao/SciFigureHub/FigureComplexityDataset_3levels_threshold_1_3_4_5_6_10/medium/geography/scatter/10-1038-s41467-026-69286-3__fig02_c,/ssd2/liwentao/SciFigureHub/FigureComplexityDataset_3levels_threshold_1_3_4_5_6_10/medium/geography/scatter/10-1038-s41467-026-69286-3__fig02_c/target.png,/ssd2/liwentao/SciFigureHub/FigureComplexityDataset_3levels/medium/geography/scatter/10-1038-s41467-026-69286-3__fig02_c/target.pdf,/ssd2/liwentao/SciFigureHub/FigureComplexityDataset_3levels_threshold_1_3_4_5_6_10/medium/geography/scatter/10-1038-s41467-026-69286-3__fig02_c/reproduce_panel.png,/ssd2/liwentao/SciFigureHub/FigureComplexityDataset_3levels/medium/geography/scatter/10-1038-s41467-026-69286-3__fig02_c/reproduce_panel.pdf,/ssd2/liwentao/SciFigureHub/FigureComplexityDataset_3levels_threshold_1_3_4_5_6_10/medium/geography/scatter/10-1038-s41467-026-69286-3__fig02_c/reproduce_panel.py,/ssd2/liwentao/SciFigureHub/FigureComplexityDataset_3levels_threshold_1_3_4_5_6_10/medium/geography/scatter/10-1038-s41467-026-69286-3__fig02_c/description.md,/ssd2/liwentao/SciFigureHub/SciFigure2Code/audits/codex_dataset_audit_first100/10-1038-s41467-026-69286-3__fig02_c/audit.json,/ssd2/liwentao/SciFigureHub/SciFigure2Code/audits/codex_dataset_audit_first100/10-1038-s41467-026-69286-3__fig02_c/prompt.md,/ssd2/liwentao/SciFigureHub/SciFigure2Code/audits/codex_dataset_audit_first100/10-1038-s41467-026-69286-3__fig02_c/static_precheck.json,geography,geography,scatter,medium,5,Nature Communications,10.1038/s41467-026-69286-3,,,clean,True,0.93,No meaningful audit issues found; the reproduction is generated from synthetic scatter data and Matplotlib primitives without image loading or raster tracing.,"This panel shows two side-by-side scatterplots comparing the correlation of AR scale rank with peak daily streamflow on the x-axis and event-total precipitation on the y-axis for California and Central Chile catchments. Points are colored by mean annual temperature, with marginal histograms and small horizontal temperature scales embedded in each subplot.","Correlation of atmospheric river (AR) scale rank with streamflow and precipitation responses. Maps in panel ( a ) show the Spearman rank correlation coefficient ( ρ ) of interpolated AR scale rank with peak streamflow ( Q max ) at each catchment. Maps in panel ( b ) show the correlation with event-total precipitation ( P total ). Gray points in panels ( a , b ) indicate correlations that did not meet the significance threshold ( p ≤ 0.05). Scatterplots in panel ( c ) compare the correlation with peak daily streamflow (x-axis) to the correlation with event-total precipitation (y-axis) for each catchment, colored by mean annual temperature."
10-1038-s41467-026-69301-7__fig03_d,/ssd2/liwentao/SciFigureHub/FigureComplexityDataset_3levels_threshold_1_3_4_5_6_10/medium/geography/umap_tsne_pca/10-1038-s41467-026-69301-7__fig03_d,/ssd2/liwentao/SciFigureHub/FigureComplexityDataset_3levels_threshold_1_3_4_5_6_10/medium/geography/umap_tsne_pca/10-1038-s41467-026-69301-7__fig03_d/target.png,/ssd2/liwentao/SciFigureHub/FigureComplexityDataset_3levels/medium/geography/umap_tsne_pca/10-1038-s41467-026-69301-7__fig03_d/target.pdf,/ssd2/liwentao/SciFigureHub/FigureComplexityDataset_3levels_threshold_1_3_4_5_6_10/medium/geography/umap_tsne_pca/10-1038-s41467-026-69301-7__fig03_d/reproduce_panel.png,/ssd2/liwentao/SciFigureHub/FigureComplexityDataset_3levels/medium/geography/umap_tsne_pca/10-1038-s41467-026-69301-7__fig03_d/reproduce_panel.pdf,/ssd2/liwentao/SciFigureHub/FigureComplexityDataset_3levels_threshold_1_3_4_5_6_10/medium/geography/umap_tsne_pca/10-1038-s41467-026-69301-7__fig03_d/reproduce_panel.py,/ssd2/liwentao/SciFigureHub/FigureComplexityDataset_3levels_threshold_1_3_4_5_6_10/medium/geography/umap_tsne_pca/10-1038-s41467-026-69301-7__fig03_d/description.md,/ssd2/liwentao/SciFigureHub/SciFigure2Code/audits/codex_dataset_audit_first100/10-1038-s41467-026-69301-7__fig03_d/audit.json,/ssd2/liwentao/SciFigureHub/SciFigure2Code/audits/codex_dataset_audit_first100/10-1038-s41467-026-69301-7__fig03_d/prompt.md,/ssd2/liwentao/SciFigureHub/SciFigure2Code/audits/codex_dataset_audit_first100/10-1038-s41467-026-69301-7__fig03_d/static_precheck.json,geography,geography,umap_tsne_pca,medium,4,Nature Communications,10.1038/s41467-026-69301-7,,,clean,True,0.96,"No meaningful audit issue found: the code builds an editable Matplotlib NMDS scatter plot from explicit point coordinates and annotations without image dependencies, raster tracing, or damaging text overlap.","This panel shows an NMDS scatter plot of AMF community composition in soil across four treatments, with treatment groups distinguished by marker shape and color. It includes NMDS1 and NMDS2 axes, a stress value, a PERMANOVA annotation, and a right-side legend.","AMF community composition under experimental treatments across 2018, 2019 and 2021. a The relative abundance of Glomeraceae and Paraglomeraceae in plant roots. b The relative abundance of Glomeraceae and Gigasporaceae in soil. c , d AMF community composition in plant roots ( c ) and soils ( d ) within different treatments as indicated by NMDS based on Bray–Curtis distance. In a , b , bars show means ± SE ( n = 4). Significant differences as determined by two-way ANOVA († p < 0.1, * p < 0.05, ** p < 0.01, and *** p < 0.001) and Tukey’s HSD are indicated by different letters. The exact p values of statistical tests are provided in the Supplementary Information. Light-colored dots represent replicate samples. In c , d , significant differences as determined by PERMANOVA (* p < 0.05, ** p < 0.01, and *** p < 0.001). Treatments are indicated by different colors: control (Con, gray), Nr input (N, cyan), Warming (W, red), and combined Nr input and warming (N + W, yellow). Source data are provided as a Source Data file."
10-1038-s41467-026-69450-9__fig02_f,/ssd2/liwentao/SciFigureHub/FigureComplexityDataset_3levels_threshold_1_3_4_5_6_10/medium/biology/multi_line/10-1038-s41467-026-69450-9__fig02_f,/ssd2/liwentao/SciFigureHub/FigureComplexityDataset_3levels_threshold_1_3_4_5_6_10/medium/biology/multi_line/10-1038-s41467-026-69450-9__fig02_f/target.png,/ssd2/liwentao/SciFigureHub/FigureComplexityDataset_3levels/medium/biology/multi_line/10-1038-s41467-026-69450-9__fig02_f/target.pdf,/ssd2/liwentao/SciFigureHub/FigureComplexityDataset_3levels_threshold_1_3_4_5_6_10/medium/biology/multi_line/10-1038-s41467-026-69450-9__fig02_f/reproduce_panel.png,/ssd2/liwentao/SciFigureHub/FigureComplexityDataset_3levels/medium/biology/multi_line/10-1038-s41467-026-69450-9__fig02_f/reproduce_panel.pdf,/ssd2/liwentao/SciFigureHub/FigureComplexityDataset_3levels_threshold_1_3_4_5_6_10/medium/biology/multi_line/10-1038-s41467-026-69450-9__fig02_f/reproduce_panel.py,/ssd2/liwentao/SciFigureHub/FigureComplexityDataset_3levels_threshold_1_3_4_5_6_10/medium/biology/multi_line/10-1038-s41467-026-69450-9__fig02_f/description.md,/ssd2/liwentao/SciFigureHub/SciFigure2Code/audits/codex_dataset_audit_first100/10-1038-s41467-026-69450-9__fig02_f/audit.json,/ssd2/liwentao/SciFigureHub/SciFigure2Code/audits/codex_dataset_audit_first100/10-1038-s41467-026-69450-9__fig02_f/prompt.md,/ssd2/liwentao/SciFigureHub/SciFigure2Code/audits/codex_dataset_audit_first100/10-1038-s41467-026-69450-9__fig02_f/static_precheck.json,biology,AI_biology,multi_line,medium,4,Nature Communications,10.1038/s41467-026-69450-9,,,clean,True,0.96,"No meaningful audit issue found; the panel is generated from editable analytic curve data with clear, unclipped labels and no image dependency.","This panel shows three offset DSC thermograms for FT, GS, and IS PVA hydrogels from 50 to 250 °C, with annotated endothermic features near 220-223 °C. The curves are presented on a shared axis with light background temperature bands and no y-axis tick labels.","Preparation and material properties of PVA hydrogels through sequential solvent substitution. a Schematic illustration of the fabrication process, including freeze-thawing (FT), glycerol substitution (GS), and ionic substitution (IS), leading to progressively enhanced hydrogel networks. b 1 H-NMR spectra of FT, GS, and IS in DMSO-d 6 at 295 K. c Tensile stress–strain curves of PVA hydrogels after different solvent substitution treatments, compared to the range of human skin (orange shaded region). d Toughness and stiffness of the hydrogels across different treatments. e Schematic of the mechanical enhancement mechanism involving dense crystalline and ionic crystalline regions. f DSC thermograms of FT, GS, and IS. g XRD profiles of FT, GS, and IS. h WAXS patterns showing the crystallinity evolution among FT, GS, and IS. i Synchronized and asynchronized 2D-COS maps of FT, GS, and IS, where red and blue indicate positive and negative intensity, respectively. j Comparison of hydrogel toughness achieved in this study with that of various reported hydrogels and biological tissues."
10-1038-s41467-026-69705-5__fig02_b,/ssd2/liwentao/SciFigureHub/FigureComplexityDataset_3levels_threshold_1_3_4_5_6_10/low/geography/umap_tsne_pca/10-1038-s41467-026-69705-5__fig02_b,/ssd2/liwentao/SciFigureHub/FigureComplexityDataset_3levels_threshold_1_3_4_5_6_10/low/geography/umap_tsne_pca/10-1038-s41467-026-69705-5__fig02_b/target.png,/ssd2/liwentao/SciFigureHub/FigureComplexityDataset_3levels/low/geography/umap_tsne_pca/10-1038-s41467-026-69705-5__fig02_b/target.pdf,/ssd2/liwentao/SciFigureHub/FigureComplexityDataset_3levels_threshold_1_3_4_5_6_10/low/geography/umap_tsne_pca/10-1038-s41467-026-69705-5__fig02_b/reproduce_panel.png,/ssd2/liwentao/SciFigureHub/FigureComplexityDataset_3levels/low/geography/umap_tsne_pca/10-1038-s41467-026-69705-5__fig02_b/reproduce_panel.pdf,/ssd2/liwentao/SciFigureHub/FigureComplexityDataset_3levels_threshold_1_3_4_5_6_10/low/geography/umap_tsne_pca/10-1038-s41467-026-69705-5__fig02_b/reproduce_panel.py,/ssd2/liwentao/SciFigureHub/FigureComplexityDataset_3levels_threshold_1_3_4_5_6_10/low/geography/umap_tsne_pca/10-1038-s41467-026-69705-5__fig02_b/description.md,/ssd2/liwentao/SciFigureHub/SciFigure2Code/audits/codex_dataset_audit_first100/10-1038-s41467-026-69705-5__fig02_b/audit.json,/ssd2/liwentao/SciFigureHub/SciFigure2Code/audits/codex_dataset_audit_first100/10-1038-s41467-026-69705-5__fig02_b/prompt.md,/ssd2/liwentao/SciFigureHub/SciFigure2Code/audits/codex_dataset_audit_first100/10-1038-s41467-026-69705-5__fig02_b/static_precheck.json,geography,geography,umap_tsne_pca,low,3,Nature Communications,10.1038/s41467-026-69705-5,,,clean,True,0.93,"No meaningful audit issues found; the code generates an editable synthetic PCoA scatter plot without target-image loading, raster tracing, or damaging text overlap.","This panel shows a PCoA scatter plot of microbial community structure in CRC tissues stratified by gender, with female and male samples shown as overlapping colored point clouds and outlined group ellipses. It includes PCoA1 and PCoA2 axes and a two-item legend for the two groups.","TRM show limited association with clinical features in CRC. PCoA analysis of microbial communities based on Bray-Curtis dissimilarity, stratified by age ( A ) gender ( B ) differentiation ( C ) TNM stage ( D ) tumor location ( E ) and survival status ( F ). F female, M male, HD highly differentiated, MD moderately differentiated, PD poorly differentiated, MA mucinous adenocarcinoma. G The heatmap displays Spearman correlation coefficients between significantly abundant bacterial genera and key clinical features in CRC tissues. The ROC curves of the machine learning model for tissue classification accuracy based on differential intratumoral bacteria under different clinical features in the training ( H ) and testing ( I ) cohorts. Source data are provided as a Source Data file."
10-1038-s41467-026-69797-z__fig05_f,/ssd2/liwentao/SciFigureHub/FigureComplexityDataset_3levels_threshold_1_3_4_5_6_10/medium/biology/survival_curve/10-1038-s41467-026-69797-z__fig05_f,/ssd2/liwentao/SciFigureHub/FigureComplexityDataset_3levels_threshold_1_3_4_5_6_10/medium/biology/survival_curve/10-1038-s41467-026-69797-z__fig05_f/target.png,/ssd2/liwentao/SciFigureHub/FigureComplexityDataset_3levels/medium/biology/survival_curve/10-1038-s41467-026-69797-z__fig05_f/target.pdf,/ssd2/liwentao/SciFigureHub/FigureComplexityDataset_3levels_threshold_1_3_4_5_6_10/medium/biology/survival_curve/10-1038-s41467-026-69797-z__fig05_f/reproduce_panel.png,/ssd2/liwentao/SciFigureHub/FigureComplexityDataset_3levels/medium/biology/survival_curve/10-1038-s41467-026-69797-z__fig05_f/reproduce_panel.pdf,/ssd2/liwentao/SciFigureHub/FigureComplexityDataset_3levels_threshold_1_3_4_5_6_10/medium/biology/survival_curve/10-1038-s41467-026-69797-z__fig05_f/reproduce_panel.py,/ssd2/liwentao/SciFigureHub/FigureComplexityDataset_3levels_threshold_1_3_4_5_6_10/medium/biology/survival_curve/10-1038-s41467-026-69797-z__fig05_f/description.md,/ssd2/liwentao/SciFigureHub/SciFigure2Code/audits/codex_dataset_audit_first100/10-1038-s41467-026-69797-z__fig05_f/audit.json,/ssd2/liwentao/SciFigureHub/SciFigure2Code/audits/codex_dataset_audit_first100/10-1038-s41467-026-69797-z__fig05_f/prompt.md,/ssd2/liwentao/SciFigureHub/SciFigure2Code/audits/codex_dataset_audit_first100/10-1038-s41467-026-69797-z__fig05_f/static_precheck.json,biology,AI_biology,survival_curve,medium,4.0,Nature Communications,10.1038/s41467-026-69797-z,,,clean,True,0.93,"No benchmark-invalid issue found; the target image is opened only for size validation, while the panel is rebuilt from editable Kaplan-Meier points and synthetic violin data.","This panel shows a TCGA Kaplan-Meier overall survival comparison between V1&2-enriched and V3-8-enriched groups, with two lower violin-plus-box summaries of V1&2 and V3-8 feature scores for the same groups.","Tumor cell villages in liver cancer. A Schematic overview of determining tumor cell villages using a graph attention network-based approach. Malignant cells were represented as connected graphs, where nodes indicate individual cells characterized by their cellular states and SDNs, and edges link nodes within a 40 µm distance. The embeddings derived from the graph attention network analysis were used for clustering to determine tumor cell villages. B UMAP of malignant cell groups based on the embeddings derived from graph attention networks in ( A ). C Village plots of different tumor cell villages. Dots represent malignant cells colored based on their cellular states. The size of each dot reflects the proportion of tumor cell states within a village. The thickness of the lines between dots indicates the strength of communication. Outer circles indicate the SDNs associated with each village, with different colored areas representing SDN proportions. D A representative example (1CB) of tumor cell villages. Non-malignant cells were colored gray. E , F , G , H Top: Overall survival of liver cancer patients enriched in V1&2 related features (blue) and V3-8 related features (red) in a single-cell cohort ( E , Ma et al., n = 37), as well as in the TCGA ( F , TCGA-LIHC, n = 365), LCI ( G , n = 239), and Mongolia ( H , n = 70) cohorts. Kaplan–Meier plots were used to show the overall survival of each patient group. p -value was calculated using the log rank test. Bottom: Village feature score of the two patient groups in the top panels. Each box shows the median (center line), interquartile range (box), and data range (whiskers) of village scores. p -value was calculated using one-sided Student’s t -test. ***, p -value < 0.001. Source data and detailed statistics are provided as a Source Data file."
10-1038-s41467-026-69831-0__fig02_c,/ssd2/liwentao/SciFigureHub/FigureComplexityDataset_3levels_threshold_1_3_4_5_6_10/medium/environment/line/10-1038-s41467-026-69831-0__fig02_c,/ssd2/liwentao/SciFigureHub/FigureComplexityDataset_3levels_threshold_1_3_4_5_6_10/medium/environment/line/10-1038-s41467-026-69831-0__fig02_c/target.png,/ssd2/liwentao/SciFigureHub/FigureComplexityDataset_3levels/medium/environment/line/10-1038-s41467-026-69831-0__fig02_c/target.pdf,/ssd2/liwentao/SciFigureHub/FigureComplexityDataset_3levels_threshold_1_3_4_5_6_10/medium/environment/line/10-1038-s41467-026-69831-0__fig02_c/reproduce_panel.png,/ssd2/liwentao/SciFigureHub/FigureComplexityDataset_3levels/medium/environment/line/10-1038-s41467-026-69831-0__fig02_c/reproduce_panel.pdf,/ssd2/liwentao/SciFigureHub/FigureComplexityDataset_3levels_threshold_1_3_4_5_6_10/medium/environment/line/10-1038-s41467-026-69831-0__fig02_c/reproduce_panel.py,/ssd2/liwentao/SciFigureHub/FigureComplexityDataset_3levels_threshold_1_3_4_5_6_10/medium/environment/line/10-1038-s41467-026-69831-0__fig02_c/description.md,/ssd2/liwentao/SciFigureHub/SciFigure2Code/audits/codex_dataset_audit_first100/10-1038-s41467-026-69831-0__fig02_c/audit.json,/ssd2/liwentao/SciFigureHub/SciFigure2Code/audits/codex_dataset_audit_first100/10-1038-s41467-026-69831-0__fig02_c/prompt.md,/ssd2/liwentao/SciFigureHub/SciFigure2Code/audits/codex_dataset_audit_first100/10-1038-s41467-026-69831-0__fig02_c/static_precheck.json,environment,environment,line,medium,4,Nature Communications,10.1038/s41467-026-69831-0,,,clean,True,0.94,"No meaningful audit issues found; the code builds an editable synthetic Matplotlib spectrum without image dependencies, tracing, or damaging text overlap.","This panel shows a high-resolution optical emission spectrum from about 280 to 400 nm with intensity on the y-axis. It highlights an OH peak near 308.7 nm and labeled CH features, including a larger multi-peak band near the upper-right of the spectrum.","Plasma-assisted formation of graphene oxide on a liquid surface. a Schematic of the GO formation mechanism on the liquid surface using non-thermal plasma (Created in BioRender. Banavath, R. (2026) https://BioRender.com/t8pcucf ), ( b ) Time-averaged optical emission spectrum of a pulsed plasma discharge over water in a CH4 gas environment, ( c ) Zoomed-in high-resolution spectrum indicating OH (A-X) peak, and ( d ) Zoomed-in high-resolution spectrum indicating the atomic Oxygen peak. The identified peaks serve as building blocks for GO growth."
10-1038-s41467-026-69863-6__fig04_h,/ssd2/liwentao/SciFigureHub/FigureComplexityDataset_3levels_threshold_1_3_4_5_6_10/low/geography/stacked_bar/10-1038-s41467-026-69863-6__fig04_h,/ssd2/liwentao/SciFigureHub/FigureComplexityDataset_3levels_threshold_1_3_4_5_6_10/low/geography/stacked_bar/10-1038-s41467-026-69863-6__fig04_h/target.png,/ssd2/liwentao/SciFigureHub/FigureComplexityDataset_3levels/low/geography/stacked_bar/10-1038-s41467-026-69863-6__fig04_h/target.pdf,/ssd2/liwentao/SciFigureHub/FigureComplexityDataset_3levels_threshold_1_3_4_5_6_10/low/geography/stacked_bar/10-1038-s41467-026-69863-6__fig04_h/reproduce_panel.png,/ssd2/liwentao/SciFigureHub/FigureComplexityDataset_3levels/low/geography/stacked_bar/10-1038-s41467-026-69863-6__fig04_h/reproduce_panel.pdf,/ssd2/liwentao/SciFigureHub/FigureComplexityDataset_3levels_threshold_1_3_4_5_6_10/low/geography/stacked_bar/10-1038-s41467-026-69863-6__fig04_h/reproduce_panel.py,/ssd2/liwentao/SciFigureHub/FigureComplexityDataset_3levels_threshold_1_3_4_5_6_10/low/geography/stacked_bar/10-1038-s41467-026-69863-6__fig04_h/description.md,/ssd2/liwentao/SciFigureHub/SciFigure2Code/audits/codex_dataset_audit_first100/10-1038-s41467-026-69863-6__fig04_h/audit.json,/ssd2/liwentao/SciFigureHub/SciFigure2Code/audits/codex_dataset_audit_first100/10-1038-s41467-026-69863-6__fig04_h/prompt.md,/ssd2/liwentao/SciFigureHub/SciFigure2Code/audits/codex_dataset_audit_first100/10-1038-s41467-026-69863-6__fig04_h/static_precheck.json,geography,geography,stacked_bar,low,3,Nature Communications,10.1038/s41467-026-69863-6,,,clean,True,0.97,"No meaningful audit issue found; the code reconstructs the stacked bar chart from explicit values without image loading or raster tracing, and the reproduced text remains readable.","This panel shows stacked bars for Efna1-EndC and Efna1-BmC cells, separating the percentage within 20 μm of RUNX2-positive cells from the percentage beyond 20 μm. The within-20 μm portions are annotated as 19.1% and 6.9%.","Spatial analysis of EPHA2- and EFNA1-expressing cells. a EPHA2 mRNA (pseudocolored red) is shown together with RUNX2 protein (pseudocolored white) and bone matrix visualised by autofluorescence (pseudocolored cyan) in cleared human bone. A maximum intensity projection of the 3D scan is shown. b EPHA2 - and RUNX2-double-positive cells are represented as red spheres, with sphere size indicating the distance to the frontal plane. Maximum intensity projection of the segmented 3D scan is shown. c Optical section corresponding to panel ( a ). YOPRO-stained nuclei (pseudocolored green) were omitted from panel ( a ) for visual clarity. d Quantification of EPHA2 - and RUNX2-positive cells located within 20 μm of the bone surface. Data represent mean ± SE from two femoral heads (two patients), obtained from patients undergoing femoral head replacement. e , f Optical section showing RUNX2-positive cells along the bone surface ( e ), with additional channels overlaid for EFNA1 mRNA-expressing cells (pseudocolored yellow) and CD31-positive blood vessels (pseudocolored magenta), highlighting their spatial proximity ( f ). g Distance from EFNA1 -positive cells to RUNX2-positive cells on the bone surface. EFNA1 -positive cells were stratified into two groups: those associated with blood vessels (within 20 μm, as segmented in Fig. 3f ), termed Efna1-EndC (endothelial cells), and those located beyond 20 μm from both blood vessels and the bone surface, termed Efna1-BmC (bone marrow cells). n = 13,699 cells for Efna1-EndC and n = 6945 cells for Efna1-BmC, pooled from two patients within each experimental group. Data are presented as mean ± SD. Statistical analysis was performed using a two-tailed Mann-Whitney test. h Percentage of Efna1-EndC and Efna1-BmC cells located within 20 μm of RUNX2-positive cells detected along the bone surface. Data derived from panel ( g ). Source data are provided as a Source Data file."
10-1038-s41467-026-69872-5__fig03_b,/ssd2/liwentao/SciFigureHub/FigureComplexityDataset_3levels_threshold_1_3_4_5_6_10/medium/biology/scatter/10-1038-s41467-026-69872-5__fig03_b,/ssd2/liwentao/SciFigureHub/FigureComplexityDataset_3levels_threshold_1_3_4_5_6_10/medium/biology/scatter/10-1038-s41467-026-69872-5__fig03_b/target.png,/ssd2/liwentao/SciFigureHub/FigureComplexityDataset_3levels/medium/biology/scatter/10-1038-s41467-026-69872-5__fig03_b/target.pdf,/ssd2/liwentao/SciFigureHub/FigureComplexityDataset_3levels_threshold_1_3_4_5_6_10/medium/biology/scatter/10-1038-s41467-026-69872-5__fig03_b/reproduce_panel.png,/ssd2/liwentao/SciFigureHub/FigureComplexityDataset_3levels/medium/biology/scatter/10-1038-s41467-026-69872-5__fig03_b/reproduce_panel.pdf,/ssd2/liwentao/SciFigureHub/FigureComplexityDataset_3levels_threshold_1_3_4_5_6_10/medium/biology/scatter/10-1038-s41467-026-69872-5__fig03_b/reproduce_panel.py,/ssd2/liwentao/SciFigureHub/FigureComplexityDataset_3levels_threshold_1_3_4_5_6_10/medium/biology/scatter/10-1038-s41467-026-69872-5__fig03_b/description.md,/ssd2/liwentao/SciFigureHub/SciFigure2Code/audits/codex_dataset_audit_first100/10-1038-s41467-026-69872-5__fig03_b/audit.json,/ssd2/liwentao/SciFigureHub/SciFigure2Code/audits/codex_dataset_audit_first100/10-1038-s41467-026-69872-5__fig03_b/prompt.md,/ssd2/liwentao/SciFigureHub/SciFigure2Code/audits/codex_dataset_audit_first100/10-1038-s41467-026-69872-5__fig03_b/static_precheck.json,biology,AI_biology,scatter,medium,5,Nature Communications,10.1038/s41467-026-69872-5,,,clean,True,0.93,No meaningful audit issue found; the reproduction is built from explicit data arrays and matplotlib primitives with readable labels and no original-image dependency.,"This panel shows fracture toughness versus strength for active-learning iterations, with point color encoding impact energy dissipation. Marginal density profiles summarize the x and y distributions, and marker shapes distinguish the initial experiments, previous AL selections, and the current AL iteration.","Active learning–guided Pareto-front expansion and preference-resolved Pareto manifold after retraining PSL. a Initial experimental dataset ( n = 50) projected in the strength–fracture toughness space, with impact energy dissipation encoded by color. Marginal density profiles summarize the univariate distributions of strength and fracture toughness. b The same property space after successive active learning (AL) iterations, highlighting previously selected AL formulations and the current AL batch. Newly selected points preferentially populate the high-strength/high-toughness boundary while maintaining high impact energy dissipation. c Normalized hypervolume (HV) of the non-dominated set as a function of the number of experiments (left axis), together with the incremental hypervolume gain (ΔHV) per AL update (right axis). The HV exhibits a pronounced early increase followed by saturation, indicating diminishing marginal gains after rapid Pareto-front expansion. d–f Pareto set obtained by retraining the PSL model after completion of five AL iterations (25 additional experiments, total n = 75). d Approximate Pareto set in the TPU–BF–POK composition space. Green points denote PSL-generated Pareto-consistent solutions; semi-transparent connections indicate preference-guided associations between neighboring solutions (shown as a guide to the eye). The solutions are confined to a relatively narrow compositional basin. e Three-dimensional representation of the Pareto-consistent solutions in the strength–fracture toughness–impact energy dissipation space, revealing a smooth, manifold-like trade-off structure. f Projection of the Pareto set onto the strength–fracture toughness plane with impact energy dissipation encoded by color. Highlighted markers indicate representative solutions extracted for balanced, strength-prioritized, fracture-toughness–prioritized, and impact-energy–prioritized design preferences. The inset ternary diagram compares prescribed preference vectors (stars) with the corresponding matched preference vectors (circles), demonstrating close alignment between intended design priorities and realized PSL solutions."
10-1038-s41467-026-69899-8__fig02_i,/ssd2/liwentao/SciFigureHub/FigureComplexityDataset_3levels_threshold_1_3_4_5_6_10/low/geography/scatter_with_fit/10-1038-s41467-026-69899-8__fig02_i,/ssd2/liwentao/SciFigureHub/FigureComplexityDataset_3levels_threshold_1_3_4_5_6_10/low/geography/scatter_with_fit/10-1038-s41467-026-69899-8__fig02_i/target.png,/ssd2/liwentao/SciFigureHub/FigureComplexityDataset_3levels/low/geography/scatter_with_fit/10-1038-s41467-026-69899-8__fig02_i/target.pdf,/ssd2/liwentao/SciFigureHub/FigureComplexityDataset_3levels_threshold_1_3_4_5_6_10/low/geography/scatter_with_fit/10-1038-s41467-026-69899-8__fig02_i/reproduce_panel.png,/ssd2/liwentao/SciFigureHub/FigureComplexityDataset_3levels/low/geography/scatter_with_fit/10-1038-s41467-026-69899-8__fig02_i/reproduce_panel.pdf,/ssd2/liwentao/SciFigureHub/FigureComplexityDataset_3levels_threshold_1_3_4_5_6_10/low/geography/scatter_with_fit/10-1038-s41467-026-69899-8__fig02_i/reproduce_panel.py,/ssd2/liwentao/SciFigureHub/FigureComplexityDataset_3levels_threshold_1_3_4_5_6_10/low/geography/scatter_with_fit/10-1038-s41467-026-69899-8__fig02_i/description.md,/ssd2/liwentao/SciFigureHub/SciFigure2Code/audits/codex_dataset_audit_first100/10-1038-s41467-026-69899-8__fig02_i/audit.json,/ssd2/liwentao/SciFigureHub/SciFigure2Code/audits/codex_dataset_audit_first100/10-1038-s41467-026-69899-8__fig02_i/prompt.md,/ssd2/liwentao/SciFigureHub/SciFigure2Code/audits/codex_dataset_audit_first100/10-1038-s41467-026-69899-8__fig02_i/static_precheck.json,geography,geography,scatter_with_fit,low,3,Nature Communications,10.1038/s41467-026-69899-8,,,clean,True,0.94,No meaningful audit issues found; the code uses editable synthetic scatter data and standard plotting primitives without image dependencies.,"This panel shows three side-by-side scatter plots comparing log ribosomal protein intensities between H69 and H69M cells in the M, LP, and HP fractions. Grey large-subunit and blue small-subunit ribosomal proteins are plotted with linear regression lines and Pearson r-squared annotations.","Altered translational landscape during SCLC transition from NE to non-NE cell state. a Integrated polysome-associated mRNA sequencing (Poly-RNA-seq) and total RNA sequencing (RNA-seq) analyses in H69 and H69M cells. Created in BioRender. Shen, S. (2026) https://BioRender.com/5p1ea8h . b Genome-wide transcriptional and translational profiling comparing H69 and H69M cells. Genes with adjusted p < 0.05 and fold change > 2 (DESeq2) are colour-coded; n = 3 biologically independent experiments per group for both Poly-RNA-seq and RNA-seq. Differential translational efficiency was analysed using Xtail, with significance determined by one-sided Benjamini–Hochberg FDR-adjusted p values. c Empirical cumulative distribution function plots showing fold changes of transcripts detected in both polysome-associated RNAs and total RNAs (left), and boxplots comparing fold changes between conditions (right). Analyses were performed using data from three independent polysome profiling experiments, as in ( b ). d Venn diagrams showing differentially transcribed genes (ΔmRNA, log₂ fold change > 1) and differentially translated genes (Δ translational efficiency, ΔTE) between H69M and H69 cells. e Gene set enrichment analysis (GSEA) of NE and non-NE gene signatures in total RNAs (transcriptome) and polysome-bound RNAs (translatome) comparing H69M and H69 cells. Created in BioRender. Shen, S. (2026) https://BioRender.com/5p1ea8h . f Analysis of 5′UTR features of transcripts regulated at transcriptional (Tr) and translational (TE) levels. Homo, concordant changes at both levels; Opposite, discordant changes. Each dot represents one transcript (Supplementary Data 3 ). Genes shown were identified using xtail with n = 2 biological replicates, and 5′UTR length and GC content represent gene-intrinsic features analysed at the gene level. Error bars indicate mean ± SEM. Statistical significance was assessed using a two-sided unpaired t-test with Welch’s correction. g Schematic of TMT-based mass spectrometry analysis of ribosomal fractions from H69 and H69M cells. Polysome profile is representative of n = 2 biologically independent experiments for TMT-mass spectrometry analysis. M, monosome; LP, light polysome; HP, heavy polysome. Created in BioRender. Shen, S. (2026) https://BioRender.com/5p1ea8h . h Principal component analysis (PCA) of ribosomal fractions from H69 and H69M cells. The analysis is performed based on n = 2 biologically independent sample collections. i Log₂-transformed, median-centred ribosomal protein (RP) intensities from n = 2 biologically independent replicates in M (left), LP (middle), and HP (right) fractions. Large-subunit RPs are shown in grey and small-subunit RPs in blue. Linear regressions and Pearson correlation coefficients are shown."
10-1038-s41467-026-70029-7__fig03_e,/ssd2/liwentao/SciFigureHub/FigureComplexityDataset_3levels_threshold_1_3_4_5_6_10/low/environment/stacked_bar/10-1038-s41467-026-70029-7__fig03_e,/ssd2/liwentao/SciFigureHub/FigureComplexityDataset_3levels_threshold_1_3_4_5_6_10/low/environment/stacked_bar/10-1038-s41467-026-70029-7__fig03_e/target.png,/ssd2/liwentao/SciFigureHub/FigureComplexityDataset_3levels/low/environment/stacked_bar/10-1038-s41467-026-70029-7__fig03_e/target.pdf,/ssd2/liwentao/SciFigureHub/FigureComplexityDataset_3levels_threshold_1_3_4_5_6_10/low/environment/stacked_bar/10-1038-s41467-026-70029-7__fig03_e/reproduce_panel.png,/ssd2/liwentao/SciFigureHub/FigureComplexityDataset_3levels/low/environment/stacked_bar/10-1038-s41467-026-70029-7__fig03_e/reproduce_panel.pdf,/ssd2/liwentao/SciFigureHub/FigureComplexityDataset_3levels_threshold_1_3_4_5_6_10/low/environment/stacked_bar/10-1038-s41467-026-70029-7__fig03_e/reproduce_panel.py,/ssd2/liwentao/SciFigureHub/FigureComplexityDataset_3levels_threshold_1_3_4_5_6_10/low/environment/stacked_bar/10-1038-s41467-026-70029-7__fig03_e/description.md,/ssd2/liwentao/SciFigureHub/SciFigure2Code/audits/codex_dataset_audit_first100/10-1038-s41467-026-70029-7__fig03_e/audit.json,/ssd2/liwentao/SciFigureHub/SciFigure2Code/audits/codex_dataset_audit_first100/10-1038-s41467-026-70029-7__fig03_e/prompt.md,/ssd2/liwentao/SciFigureHub/SciFigure2Code/audits/codex_dataset_audit_first100/10-1038-s41467-026-70029-7__fig03_e/static_precheck.json,environment,environment,stacked_bar,low,3,Nature Communications,10.1038/s41467-026-70029-7,,,clean,True,0.96,"No meaningful audit issue found; the code constructs an editable stacked bar chart from explicit values without image loading or raster tracing, and labels remain readable.","This panel is a stacked bar chart showing the percentage distribution of 5′ and 3′ tRNA-derived fragments across three sample groups. It compares WT sperm, rnst-2 cat/cat sperm, and male samples using light cyan and dark indigo bar segments.","rnst-2 regulates tDR accumulation in sperm. A rnst-2 endogenously tagged at its N-termini with GFP is expressed in C. elegans sperm (outlined in dotted line). Signal outside of the sperm is gut auto-fluorescence. This pattern was observed in 3 independent cohorts of worms. B – E Small RNA-seq was performed on rnst-2(cat) sperm and whole males and compared to WT sperm small RNA data. B Scatter plot of small RNA-seq data normalized to total genome minus rRNA mapping reads as reads per million (rpm) from WT sperm ( x -axis—also Fig. 1 ) and rnst-2 cat/cat mutant sperm ( y -axis). C tRNA mapping reads were separated as >30 or <30 nucleotides in length and quantitated, as reads per million (rpm) tRNA mapping reads, for all tRNA isoacceptor genes. Each dot represents a quantitated tRNA with quantitated reads mapping to that tRNA >30 nucleotide in green and <30 in blue, thus each tRNA isodecoder is represented as 2 dots. The inset graphs show a dot-plot of each tRNA-Gly-GCC isodecoder quantitation. n = 4 independent biological replicates per genotype, horizontal lines indicate medians. D Distribution of small RNAs mapped to endo-siRNAs, piRNAs, miRNAs, and tDRs in WT and rnst-2 cat/cat mutant sperm and males. Data presented is the average of biological replicates ( n = 3–4). Total small RNA reads mapping to each RNA class were compared between conditions using two-sided Mann–Whitney U tests with Benjamini–Hochberg false discovery rate (FDR) correction; asterisks indicate FDR-adjusted P < 0.05. E Distribution of tRNA mapping reads to the 5′ or 3′ portions of mature tRNA and plotted as the average across replicates as the percentage of mapped reads. Proportions of 5′ and 3′ tRNA-derived fragments were compared between WT sperm and rnst-2 catalytic mutant sperm using two-sided Welch’s t -tests on replicate-level values ( P = 8.93 × 10⁻⁴). Source data are provided as a Source data file."
10-1038-s41467-026-70638-2__fig01_e,/ssd2/liwentao/SciFigureHub/FigureComplexityDataset_3levels_threshold_1_3_4_5_6_10/medium/environment/dose_response/10-1038-s41467-026-70638-2__fig01_e,/ssd2/liwentao/SciFigureHub/FigureComplexityDataset_3levels_threshold_1_3_4_5_6_10/medium/environment/dose_response/10-1038-s41467-026-70638-2__fig01_e/target.png,/ssd2/liwentao/SciFigureHub/FigureComplexityDataset_3levels/medium/environment/dose_response/10-1038-s41467-026-70638-2__fig01_e/target.pdf,/ssd2/liwentao/SciFigureHub/FigureComplexityDataset_3levels_threshold_1_3_4_5_6_10/medium/environment/dose_response/10-1038-s41467-026-70638-2__fig01_e/reproduce_panel.png,/ssd2/liwentao/SciFigureHub/FigureComplexityDataset_3levels/medium/environment/dose_response/10-1038-s41467-026-70638-2__fig01_e/reproduce_panel.pdf,/ssd2/liwentao/SciFigureHub/FigureComplexityDataset_3levels_threshold_1_3_4_5_6_10/medium/environment/dose_response/10-1038-s41467-026-70638-2__fig01_e/reproduce_panel.py,/ssd2/liwentao/SciFigureHub/FigureComplexityDataset_3levels_threshold_1_3_4_5_6_10/medium/environment/dose_response/10-1038-s41467-026-70638-2__fig01_e/description.md,/ssd2/liwentao/SciFigureHub/SciFigure2Code/audits/codex_dataset_audit_first100/10-1038-s41467-026-70638-2__fig01_e/audit.json,/ssd2/liwentao/SciFigureHub/SciFigure2Code/audits/codex_dataset_audit_first100/10-1038-s41467-026-70638-2__fig01_e/prompt.md,/ssd2/liwentao/SciFigureHub/SciFigure2Code/audits/codex_dataset_audit_first100/10-1038-s41467-026-70638-2__fig01_e/static_precheck.json,environment,environment,dose_response,medium,4,Nature Communications,10.1038/s41467-026-70638-2,,,clean,True,0.94,No meaningful QC issue found; the reproduction uses editable matplotlib plot primitives and remains readable without direct image dependency or raster tracing.,"This panel shows two stacked binding-response plots for #1-Linker against HIV-TAR and a Mutant Control, with red data points, error bars, an upper fitted binding curve, and annotated Kd values.","Establishment and optimization of the HT-RIBOTACs platform. a Schematic workflow summarizing the orthogonal RNA aptamer for targeted RNA fluorescence imaging and precise degradation regulation. b AbsorbArray analysis for RNA-small molecule interactions. An RNA library with 461 known targetable RNAs and a 4400-member in-house RNA binding compound library were used for two-dimensional combinatorial screening. c Chemical structures of the HIV-TAR binder #1 and #1-Linker. d Secondary structures of HIV-TAR WT and the fully base-paired Mutant Control. The red circles with “X” indicate sites of 2-AP base substitutions. e Representative binding curves and K d for HIV-TAR and Mutant Control with #1-Linker (Data are mean ± s.d., n = 3 biogogically independent replicates). f Secondary structures of modified HIV-TAR derivatives and their K d values for the #1-Linker acquired by the 2-AP assay. g Design of RIBOTACs targeting HT. h Secondary structures of F-HT-Q WT and F-HT-Q Mutant RNAs in the fluorescence-quenching assay. i Quantification of in vitro cleaved F-HT-Q WT RNA induced by 1 μM RiboA1 or RiboB1 in the presence of 25 nM RNase L, measured using the fluorescence-quenching assay after 12 h incubation. (** P < 0.01, **** P < 0.0001, as determined by two-tailed Student’s t test. Data are mean ± s.d., n = 4 biologically independent replicates.) j Quantification of the cleaved F-HT-Q WT and F-HT-Q Mutant RNAs induced by different concentrations of RiboA1 or #1-Linker measured using the fluorescence-quenching assay. (** P < 0.01, as determined by two-tailed Student’s t test. Data are mean ± s.d., n = 4 biologically independent replicates.) Source data are provided as a Source data file."
10-1038-s41467-026-70679-7__fig03_a,/ssd2/liwentao/SciFigureHub/FigureComplexityDataset_3levels_threshold_1_3_4_5_6_10/medium/environment/volcano_plot/10-1038-s41467-026-70679-7__fig03_a,/ssd2/liwentao/SciFigureHub/FigureComplexityDataset_3levels_threshold_1_3_4_5_6_10/medium/environment/volcano_plot/10-1038-s41467-026-70679-7__fig03_a/target.png,/ssd2/liwentao/SciFigureHub/FigureComplexityDataset_3levels/medium/environment/volcano_plot/10-1038-s41467-026-70679-7__fig03_a/target.pdf,/ssd2/liwentao/SciFigureHub/FigureComplexityDataset_3levels_threshold_1_3_4_5_6_10/medium/environment/volcano_plot/10-1038-s41467-026-70679-7__fig03_a/reproduce_panel.png,/ssd2/liwentao/SciFigureHub/FigureComplexityDataset_3levels/medium/environment/volcano_plot/10-1038-s41467-026-70679-7__fig03_a/reproduce_panel.pdf,/ssd2/liwentao/SciFigureHub/FigureComplexityDataset_3levels_threshold_1_3_4_5_6_10/medium/environment/volcano_plot/10-1038-s41467-026-70679-7__fig03_a/reproduce_panel.py,/ssd2/liwentao/SciFigureHub/FigureComplexityDataset_3levels_threshold_1_3_4_5_6_10/medium/environment/volcano_plot/10-1038-s41467-026-70679-7__fig03_a/description.md,/ssd2/liwentao/SciFigureHub/SciFigure2Code/audits/codex_dataset_audit_first100/10-1038-s41467-026-70679-7__fig03_a/audit.json,/ssd2/liwentao/SciFigureHub/SciFigure2Code/audits/codex_dataset_audit_first100/10-1038-s41467-026-70679-7__fig03_a/prompt.md,/ssd2/liwentao/SciFigureHub/SciFigure2Code/audits/codex_dataset_audit_first100/10-1038-s41467-026-70679-7__fig03_a/static_precheck.json,environment,environment,volcano_plot,medium,4.0,Nature Communications,10.1038/s41467-026-70679-7,,,clean,True,0.94,No meaningful audit issue found; the reproduction uses editable Matplotlib scatter/annotation primitives with synthetic point arrays and only reads its own generated PNG for size normalization.,"This panel is a volcano plot comparing protein abundance at 48 h versus 24 h of tunicamycin treatment in HeLa cells. It shows significance thresholds, four point categories, and labeled proteins including CALR, CKAP4, PDIA3, CANX, HSP90B1, and TRAF2.","CALR and BIP take turns to interact with IRE1α under prolonged ER stress. A – C HeLa cells were treated with Tm (1 μg/mL) for 24 h and 48 h, followed by mass spectrometry analysis of IRE1α-interacting proteins. Protein abundance at 48 h was compared to 24 h (unpaired t test, two-tailed). A Volcano plot; B KEGG enrichment analysis of proteins with log 2 fold change < −1, p value < 0.05 (218 downregulated); C KEGG enrichment analysis of proteins with log 2 fold change > 1, p value < 0.05 (202 upregulated). D Co-immunoprecipitation assessment of IRE1α-CALR and IRE1α-BIP interactions in HeLa cells. HeLa cells were treated with Tm (1 μg/mL in ( E ) and 250 ng/mL in ( F )) for the indicated time. Interactions between CALR, CANX, BIP, and IRE1α were analyzed by co-immunoprecipitation at the indicated time points. Grayscale analysis quantification was shown. D – F were repeated at least three times independently with similar results. The diamond represents nonspecific bands."
10-1038-s41467-026-70748-x__fig05_h,/ssd2/liwentao/SciFigureHub/FigureComplexityDataset_3levels_threshold_1_3_4_5_6_10/medium/environment/violin/10-1038-s41467-026-70748-x__fig05_h,/ssd2/liwentao/SciFigureHub/FigureComplexityDataset_3levels_threshold_1_3_4_5_6_10/medium/environment/violin/10-1038-s41467-026-70748-x__fig05_h/target.png,/ssd2/liwentao/SciFigureHub/FigureComplexityDataset_3levels/medium/environment/violin/10-1038-s41467-026-70748-x__fig05_h/target.pdf,/ssd2/liwentao/SciFigureHub/FigureComplexityDataset_3levels_threshold_1_3_4_5_6_10/medium/environment/violin/10-1038-s41467-026-70748-x__fig05_h/reproduce_panel.png,/ssd2/liwentao/SciFigureHub/FigureComplexityDataset_3levels/medium/environment/violin/10-1038-s41467-026-70748-x__fig05_h/reproduce_panel.pdf,/ssd2/liwentao/SciFigureHub/FigureComplexityDataset_3levels_threshold_1_3_4_5_6_10/medium/environment/violin/10-1038-s41467-026-70748-x__fig05_h/reproduce_panel.py,/ssd2/liwentao/SciFigureHub/FigureComplexityDataset_3levels_threshold_1_3_4_5_6_10/medium/environment/violin/10-1038-s41467-026-70748-x__fig05_h/description.md,/ssd2/liwentao/SciFigureHub/SciFigure2Code/audits/codex_dataset_audit_first100/10-1038-s41467-026-70748-x__fig05_h/audit.json,/ssd2/liwentao/SciFigureHub/SciFigure2Code/audits/codex_dataset_audit_first100/10-1038-s41467-026-70748-x__fig05_h/prompt.md,/ssd2/liwentao/SciFigureHub/SciFigure2Code/audits/codex_dataset_audit_first100/10-1038-s41467-026-70748-x__fig05_h/static_precheck.json,environment,environment,violin,medium,4,Nature Communications,10.1038/s41467-026-70748-x,,,clean,True,0.94,No meaningful audit issue found; the reproduction uses editable violin-plot primitives and synthetic data arrays without target-image dependency.,"This panel is a paired violin plot of hypocotyl length across six genotypes, comparing measurements at 20 °C and 27 °C. It includes rotated genotype labels, a two-item temperature legend, significance letters above each violin, and a cropped black strip with panel letter h at the top.","Acidic—but not hydrophobic—TAD residues are crucial for PIF4 and thermomorphogenesis. a Representative seedling images. Wild-type (Col-0), pif4-2 ( pif4 ), two lines of PIF4pro::PIF4-mGFPmut2- 6 His/pif4-2 ( PIF4/pif4 #15 & #25), and two lines of PIF4pro::PIF4 mDE -mGFPmut2- 6 His/pif4-2 ( PIF4 mDE /pif4 #24 & #26) were grown for 4 days in continuous red (Rc) light (50 µmol m -2 s -1 ) at 20 °C and 27 °C. b Hypocotyl length measurements of seedlings in ( a ). The white and gray violin plots represent hypocotyl length measurements at 20 °C and 27 °C, respectively. The elements of violin plots are as follows: solid line, median; lower dotted line, first quartile; upper dotted line, third quartile. Different letters denote significant statistical differences between the absolute hypocotyl length of each line (two-way ANOVA with Tukey’s multiple comparisons test; n ≥ 17; p < 0.01). c Comparison of the relative thermal response among the seedlings in ( a ). The elements of box plots are as follows: center line, median; box limits, first and third quartiles; whiskers, minimum and maximum values; points, all data points. The relative response is defined as the relative hypocotyl response to 27 °C of a mutant compared with that of Col-0 (which is set at 100%). Different letters denote significant statistical differences between the relative response of each genotype (one-way ANOVA with Tukey’s multiple comparisons test; n = 4 independent experiments; p < 0.05). d Immunoblots showing PIF4 protein levels in transgenic lines in ( a ). Seedlings were grown for 4 days in 50 µmol m −2 s −1 Rc at 20 °C and treated at 27 °C for 6 h under the same light conditions. RPN6 was used as an internal control. The experiment was repeated twice with similar results. e RT-qPCR results showing the relative PIF4 transcript levels at 27 °C. Error bars indicate standard deviations. Different letters denote significant statistical differences (one-way ANOVA with Tukey’s multiple comparisons test; n = 3 technical replicates; p < 0.05). f RT-qPCR analysis of thermo-induced, growth-promoting gene expression levels. Seedlings were grown at 20 °C and then transferred to 27 °C or maintained at 20 °C for 6 h under Rc. Data was shown from two biological replicates. g Representative seedling images. Col-0, pif4 , PIF4/pif4 #15 & #19, and two lines of PIF4pro::PIF4 mWFYL -mGFPmut2- 6 His/pif4-2 ( PIF4 mWFYL /pif4 #24 & #12) were grown for 4 days in continuous red (Rc) light (50 µmol m -2 s -1 ) at 20 °C and 27 °C. h Hypocotyl length measurements of seedlings in ( g ). Different letters denote significant statistical differences between the absolute hypocotyl length of each line (two-way ANOVA with Tukey’s multiple comparisons test; n ≥ 30; p < 0.05). i Comparison of the relative thermal response among the seedlings in ( g ). The elements of box plots are as follows: center line, median; box limits, first and third quartiles; whiskers, minimum and maximum values; points, all data points. Different letters denote significant statistical differences between the relative response of each genotype (one-way ANOVA with Tukey’s multiple comparisons test; n = 6 independent experiments; p < 0.001). j Immunoblots showing PIF4 protein levels in transgenic lines in ( g ). Seedlings were grown for 4 days in 50 µmol m −2 s –1 Rc at 20 °C and treated at 27 °C for 6 h under the same light conditions. RPN6 was used as an internal control for normalization. The relative PIF4 protein level was calculated based on two immunoblots using two biological replicates. k RT-qPCR analysis of thermo-induced, growth-promoting gene expression levels. Seedlings were grown at 20 °C and then transferred to 27 °C or maintained at 20 °C for 6 h under Rc. Error bars indicate standard deviations. Different letters denote significant statistical differences (one-way ANOVA with Tukey’s multiple comparisons test; n = 3 technical replicates; p < 0.05)."
10-1038-s41467-026-70759-8__fig02_e,/ssd2/liwentao/SciFigureHub/FigureComplexityDataset_3levels_threshold_1_3_4_5_6_10/medium/environment/scatter_with_fit/10-1038-s41467-026-70759-8__fig02_e,/ssd2/liwentao/SciFigureHub/FigureComplexityDataset_3levels_threshold_1_3_4_5_6_10/medium/environment/scatter_with_fit/10-1038-s41467-026-70759-8__fig02_e/target.png,/ssd2/liwentao/SciFigureHub/FigureComplexityDataset_3levels/medium/environment/scatter_with_fit/10-1038-s41467-026-70759-8__fig02_e/target.pdf,/ssd2/liwentao/SciFigureHub/FigureComplexityDataset_3levels_threshold_1_3_4_5_6_10/medium/environment/scatter_with_fit/10-1038-s41467-026-70759-8__fig02_e/reproduce_panel.png,/ssd2/liwentao/SciFigureHub/FigureComplexityDataset_3levels/medium/environment/scatter_with_fit/10-1038-s41467-026-70759-8__fig02_e/reproduce_panel.pdf,/ssd2/liwentao/SciFigureHub/FigureComplexityDataset_3levels_threshold_1_3_4_5_6_10/medium/environment/scatter_with_fit/10-1038-s41467-026-70759-8__fig02_e/reproduce_panel.py,/ssd2/liwentao/SciFigureHub/FigureComplexityDataset_3levels_threshold_1_3_4_5_6_10/medium/environment/scatter_with_fit/10-1038-s41467-026-70759-8__fig02_e/description.md,/ssd2/liwentao/SciFigureHub/SciFigure2Code/audits/codex_dataset_audit_first100/10-1038-s41467-026-70759-8__fig02_e/audit.json,/ssd2/liwentao/SciFigureHub/SciFigure2Code/audits/codex_dataset_audit_first100/10-1038-s41467-026-70759-8__fig02_e/prompt.md,/ssd2/liwentao/SciFigureHub/SciFigure2Code/audits/codex_dataset_audit_first100/10-1038-s41467-026-70759-8__fig02_e/static_precheck.json,environment,environment,scatter_with_fit,medium,4,Nature Communications,10.1038/s41467-026-70759-8,,,clean,True,0.95,No meaningful QC issue found; the code builds an editable two-axis scatter/error-bar plot from explicit data arrays without image dependency or raster tracing.,"This panel shows menthol concentration on the x-axis against three closed-time constants plotted as two stacked scatter-with-fit subplots: a log-scaled upper axis for slow and intermediate components and a lower linear axis for a fast component. Filled markers show means with SEM error bars, open markers show replicate measurements, and dotted black lines indicate fitted trends.","Single channel analysis reveals menthol is a slow blocker of rbTRPV5 channels. a Representative single-channel current traces of rbTRPV5 channels from an outside-out patch recorded at −100 mV in the presence of the indicated menthol concentration. The dashed and dotted lines indicate the closed and open amplitude, respectively. b All-points histograms of selected sections of records in ( a ), indicating the current amplitude of a single-channel opening. Histograms are fitted to the sums of three Gaussian functions. The main current amplitudes are as follows: no menthol, −9.46 ± 1.4 pA; 500 μM, −8.1 ± 1.47 pA; 1 mM, −7.66 ± 2.7 pA; 3 mM, -9.51 ± 0.99 pA. c Closed time distributions at increasing menthol concentrations. From top to bottom, no menthol, 500 μM, 1 mM and 3 mM menthol. Each histogram is fitted to the sum of three exponential components (orange), and each component is indicated by the dotted curves. d Open time histograms. Same order as in ( c ). Two exponential components are fitted to each histogram, indicated as in ( c ). e The dependance of the three closed time constants on the menthol concentration. Dotted lines are fits to linear equations and have no theoretical meaning. Blue, fast time constant, yellow, intermediate time constant, green, slow time constant (Table 1 ). Filled symbols are the mean value and error bars are ± SEM determined from n = 3 independent outside-out patches. f Dependance of the two open time constants on menthol concentration (Table 2 ). Filled symbols are the mean value and error bars are ± SEM determined from n = 3 independent outside-out patches. The slow open time constant data (black squares) is fitted to the empirical Eq. 3 . The fast open time constant data (red circles) is fitted to a linear equation."
10-1038-s41467-026-70781-w__fig02_e,/ssd2/liwentao/SciFigureHub/FigureComplexityDataset_3levels_threshold_1_3_4_5_6_10/low/environment/line/10-1038-s41467-026-70781-w__fig02_e,/ssd2/liwentao/SciFigureHub/FigureComplexityDataset_3levels_threshold_1_3_4_5_6_10/low/environment/line/10-1038-s41467-026-70781-w__fig02_e/target.png,/ssd2/liwentao/SciFigureHub/FigureComplexityDataset_3levels/low/environment/line/10-1038-s41467-026-70781-w__fig02_e/target.pdf,/ssd2/liwentao/SciFigureHub/FigureComplexityDataset_3levels_threshold_1_3_4_5_6_10/low/environment/line/10-1038-s41467-026-70781-w__fig02_e/reproduce_panel.png,/ssd2/liwentao/SciFigureHub/FigureComplexityDataset_3levels/low/environment/line/10-1038-s41467-026-70781-w__fig02_e/reproduce_panel.pdf,/ssd2/liwentao/SciFigureHub/FigureComplexityDataset_3levels_threshold_1_3_4_5_6_10/low/environment/line/10-1038-s41467-026-70781-w__fig02_e/reproduce_panel.py,/ssd2/liwentao/SciFigureHub/FigureComplexityDataset_3levels_threshold_1_3_4_5_6_10/low/environment/line/10-1038-s41467-026-70781-w__fig02_e/description.md,/ssd2/liwentao/SciFigureHub/SciFigure2Code/audits/codex_dataset_audit_first100/10-1038-s41467-026-70781-w__fig02_e/audit.json,/ssd2/liwentao/SciFigureHub/SciFigure2Code/audits/codex_dataset_audit_first100/10-1038-s41467-026-70781-w__fig02_e/prompt.md,/ssd2/liwentao/SciFigureHub/SciFigure2Code/audits/codex_dataset_audit_first100/10-1038-s41467-026-70781-w__fig02_e/static_precheck.json,environment,environment,line,low,2,Nature Communications,10.1038/s41467-026-70781-w,,,clean,True,0.95,No meaningful audit issues found; the script uses explicit editable line-plot data and the rendered labels remain readable without problematic clipping or overlap.,This panel shows the SHG anisotropic ratio (rho_SHG) as a function of excitation wavelength. It is a single red open-circle line plot with wavelength on the x-axis and rho_SHG on the y-axis.,Anisotropic SHG and THG processes with NbOI 2 flakes. a Schematic description of SHG and THG processes. b SHG and THG efficiencies ( \documentclass[12pt]{minimal} \usepackage{amsmath} \usepackage{wasysym} \usepackage{amsfonts} \usepackage{amssymb} \usepackage{amsbsy} \usepackage{mathrsfs} \usepackage{upgreek} \setlength{\oddsidemargin}{-69pt} \begin{document}$$\eta$$\end{document} η ) versus the excitation intensity under 2500-nm excitation. c Polar plots of the SHG intensity versus the polarization angle (θ) with parallel (red) and perpendicular (blue) configurations under 2500-nm excitation. d Polar plots of angle-dependent THG intensity under 2500-nm excitation. 0° corresponds to the x -axis. e SHG anisotropic ratio \documentclass[12pt]{minimal} \usepackage{amsmath} \usepackage{wasysym} \usepackage{amsfonts} \usepackage{amssymb} \usepackage{amsbsy} \usepackage{mathrsfs} \usepackage{upgreek} \setlength{\oddsidemargin}{-69pt} \begin{document}$$({\rho }_{{SHG}})$$\end{document} ( ρ S H G ) as a function of the fundamental wavelength. f THG anisotropic ratio ( \documentclass[12pt]{minimal} \usepackage{amsmath} \usepackage{wasysym} \usepackage{amsfonts} \usepackage{amssymb} \usepackage{amsbsy} \usepackage{mathrsfs} \usepackage{upgreek} \setlength{\oddsidemargin}{-69pt} \begin{document}$${\rho }_{{THG}}$$\end{document} ρ T H G ) as a function of the fundamental wavelength. Inset represents SHG and THG spectra under 2500-nm excitation with the excitation polarization along the b - and c -axes.
10-1038-s41467-026-70812-6__fig02_b,/ssd2/liwentao/SciFigureHub/FigureComplexityDataset_3levels_threshold_1_3_4_5_6_10/low/environment/scatter_with_fit/10-1038-s41467-026-70812-6__fig02_b,/ssd2/liwentao/SciFigureHub/FigureComplexityDataset_3levels_threshold_1_3_4_5_6_10/low/environment/scatter_with_fit/10-1038-s41467-026-70812-6__fig02_b/target.png,/ssd2/liwentao/SciFigureHub/FigureComplexityDataset_3levels/low/environment/scatter_with_fit/10-1038-s41467-026-70812-6__fig02_b/target.pdf,/ssd2/liwentao/SciFigureHub/FigureComplexityDataset_3levels_threshold_1_3_4_5_6_10/low/environment/scatter_with_fit/10-1038-s41467-026-70812-6__fig02_b/reproduce_panel.png,/ssd2/liwentao/SciFigureHub/FigureComplexityDataset_3levels/low/environment/scatter_with_fit/10-1038-s41467-026-70812-6__fig02_b/reproduce_panel.pdf,/ssd2/liwentao/SciFigureHub/FigureComplexityDataset_3levels_threshold_1_3_4_5_6_10/low/environment/scatter_with_fit/10-1038-s41467-026-70812-6__fig02_b/reproduce_panel.py,/ssd2/liwentao/SciFigureHub/FigureComplexityDataset_3levels_threshold_1_3_4_5_6_10/low/environment/scatter_with_fit/10-1038-s41467-026-70812-6__fig02_b/description.md,/ssd2/liwentao/SciFigureHub/SciFigure2Code/audits/codex_dataset_audit_first100/10-1038-s41467-026-70812-6__fig02_b/audit.json,/ssd2/liwentao/SciFigureHub/SciFigure2Code/audits/codex_dataset_audit_first100/10-1038-s41467-026-70812-6__fig02_b/prompt.md,/ssd2/liwentao/SciFigureHub/SciFigure2Code/audits/codex_dataset_audit_first100/10-1038-s41467-026-70812-6__fig02_b/static_precheck.json,environment,environment,scatter_with_fit,low,2,Nature Communications,10.1038/s41467-026-70812-6,,,clean,True,0.94,No meaningful QC issue found; the script uses editable numeric scatter/fit primitives and the rendered labels remain readable without direct image reuse.,"This panel shows normalized PL II intensity versus temperature for Au H2O nanoclusters, plotted as open-circle scatter points with a smooth Arrhenius-style fit. It includes the panel letter, axis labels, and in-panel annotations for the R2-domain vibration assignment and fitted parameters.","Vibrational modes and PCET mechanism of Au H₂O NCs. a , b Normalized integrated PL intensity of the PL I (Au H₂O NCs synthesized in pH = 6.5 aqueous solution) and PL II (Au H₂O NCs synthesized in pH = 13.5 aqueous solution) as a function of temperature and their corresponding fits by using the Arrhenius equation. The gray and reddish-brown line represents Au H₂O NCs with R 1 domain (pH = 6.5) and Au H₂O NCs with R 2 domain (pH = 13.5), respectively, in a and b . c , d Time-dependent absorption spectra of the DPBF including Au H₂O NCs (pH = 6.5 and 13.5) under ambient conditions. e Schematic illustration of phonon-coupled vibrations of Au core and Au-S motifs. f Schematic illustration of photo-induced PCET reaction for Au H₂O NCs, R represents the ribosyl at the terminal of the 6-MPR ligand. g TRPL spectra of the Au H₂O NCs synthesized at pH = 6.5 and 13.5 (dominated by PL I and PL II, respectively) upon 375 nm laser excitation. h Cathodic cyclic voltammetry profiles of Au H₂O NCs (synthesized at pH = 7, 9, 11). The inset shows the cathodic potential of Au H₂O NCs versus pH. i Excited-state PCET rate of Au H₂O NCs (synthesized at pH = 6.5, 7, 9, 11) dissolved in H 2 O and D 2 O extracted from their corresponding PL lifetimes. j Plots of ln( k H / k D ) vs. 1/ T for Au H₂O NCs synthesized at pH = 6.5 and the corresponding linear fit. Source data are provided as a Source Data file."
10-1038-s41467-026-70845-x__fig02_k,/ssd2/liwentao/SciFigureHub/FigureComplexityDataset_3levels_threshold_1_3_4_5_6_10/medium/geography/box/10-1038-s41467-026-70845-x__fig02_k,/ssd2/liwentao/SciFigureHub/FigureComplexityDataset_3levels_threshold_1_3_4_5_6_10/medium/geography/box/10-1038-s41467-026-70845-x__fig02_k/target.png,/ssd2/liwentao/SciFigureHub/FigureComplexityDataset_3levels/medium/geography/box/10-1038-s41467-026-70845-x__fig02_k/target.pdf,/ssd2/liwentao/SciFigureHub/FigureComplexityDataset_3levels_threshold_1_3_4_5_6_10/medium/geography/box/10-1038-s41467-026-70845-x__fig02_k/reproduce_panel.png,/ssd2/liwentao/SciFigureHub/FigureComplexityDataset_3levels/medium/geography/box/10-1038-s41467-026-70845-x__fig02_k/reproduce_panel.pdf,/ssd2/liwentao/SciFigureHub/FigureComplexityDataset_3levels_threshold_1_3_4_5_6_10/medium/geography/box/10-1038-s41467-026-70845-x__fig02_k/reproduce_panel.py,/ssd2/liwentao/SciFigureHub/FigureComplexityDataset_3levels_threshold_1_3_4_5_6_10/medium/geography/box/10-1038-s41467-026-70845-x__fig02_k/description.md,/ssd2/liwentao/SciFigureHub/SciFigure2Code/audits/codex_dataset_audit_first100/10-1038-s41467-026-70845-x__fig02_k/audit.json,/ssd2/liwentao/SciFigureHub/SciFigure2Code/audits/codex_dataset_audit_first100/10-1038-s41467-026-70845-x__fig02_k/prompt.md,/ssd2/liwentao/SciFigureHub/SciFigure2Code/audits/codex_dataset_audit_first100/10-1038-s41467-026-70845-x__fig02_k/static_precheck.json,geography,geography,box,medium,4,Nature Communications,10.1038/s41467-026-70845-x,,,clean,True,0.95,No meaningful QC issues found; the code reconstructs the panel as an editable Matplotlib boxplot without image dependency or raster tracing.,"This panel shows boxplots of RNA expression across GO1, GO2, and FGO stages for genes that are downregulated versus unchanged after Bap1 depletion, with p-value annotations comparing the groups. The y-axis reports RNA abundance as log2 FPKM and the plot is split into two grouped gene categories.","BAP1 preserves H3K27ac by preventing ectopic H3K27me3 deposition in oocytes. a Immunofluorescence images of H3K27ac and H3K27me3 in nuclei of Bap1 control (CTR) and conditional knockout (CKO) fully grown oocytes (FGOs). Number of FGOs analyzed are indicated. Scale bar: 10 μm. b Quantification of H3K27ac and H3K27me3 intensities from ( a ). Number of FGOs analyzed are indicated in panel ( a ). Boxplot: center line, median; box limits, 25th–75th percentiles; whiskers, ±1.5× interquartile range. p -value: two-sided Student’s t -test. c Heatmaps showing CUT&RUN signal intensity of H3K27ac and H3K27me3 across H3K27ac ( n = 10,363) and H3K27me3 ( n = 15,751) domains defined by the HMM-based method in Bap1 CTR and CKO FGOs (see “Methods”). d Genome browser view depicting H3K27ac and H3K27me3 signals at the indicated genomic locus. Regions with significantly reduced H3K27ac levels in CKO FGOs (“H3K27ac-lost regions”) are indicated. e Heatmap illustrating changes of histone modifications at the H3K27ac-lost ( n = 9043) and H3K27ac-no change ( n = 27,287) regions in Bap1 CTR and CKO FGOs. f Genomic annotation of the H3K27ac-lost and H3K27ac-no change regions in Bap1 CKO FGOs. g RNA expression changes for genes associated with the indicated H3K27ac region categories following Bap1 deletion. Number of genes analyzed for each category are indicated. Boxplot format as in ( b ). p -value: two-sided Wilcoxon rank-sum test. h Stacked bar plot showing the proportions of H3K27ac-lost and unchanged regions located in gene-rich versus gene-poor genomic regions. Chi-square test: *** p = 5.28e-271. i Heatmap showing H3K27ac signal during oocyte growth across H3K27ac-lost regions. The H3K27ac data for postnatal day 7 (P7), P10 growing oocytes, and FGOs are from public datasets 29 . j Genome browser view of H3K27ac and H3K27me3 profiles at the Fgf10 locus. k RNA expression levels of downregulated ( n = 818) and unchanged genes ( n = 11,227) upon Bap1 depletion in wild type growing oocytes (GO1 and GO2) and FGOs. GO1 and GO2 are oocytes from early secondary and secondary follicles, respectively. GO1/GO2/FGO RNA-seq are from public datasets 92 . Boxplot format as in ( b ). p -value: two-sided Wilcoxon rank-sum test; ns: not significant. Source data are provided as a Source data file."
10-1038-s41467-026-70845-x__fig04_c,/ssd2/liwentao/SciFigureHub/FigureComplexityDataset_3levels_threshold_1_3_4_5_6_10/low/geography/dot_plot/10-1038-s41467-026-70845-x__fig04_c,/ssd2/liwentao/SciFigureHub/FigureComplexityDataset_3levels_threshold_1_3_4_5_6_10/low/geography/dot_plot/10-1038-s41467-026-70845-x__fig04_c/target.png,/ssd2/liwentao/SciFigureHub/FigureComplexityDataset_3levels/low/geography/dot_plot/10-1038-s41467-026-70845-x__fig04_c/target.pdf,/ssd2/liwentao/SciFigureHub/FigureComplexityDataset_3levels_threshold_1_3_4_5_6_10/low/geography/dot_plot/10-1038-s41467-026-70845-x__fig04_c/reproduce_panel.png,/ssd2/liwentao/SciFigureHub/FigureComplexityDataset_3levels/low/geography/dot_plot/10-1038-s41467-026-70845-x__fig04_c/reproduce_panel.pdf,/ssd2/liwentao/SciFigureHub/FigureComplexityDataset_3levels_threshold_1_3_4_5_6_10/low/geography/dot_plot/10-1038-s41467-026-70845-x__fig04_c/reproduce_panel.py,/ssd2/liwentao/SciFigureHub/FigureComplexityDataset_3levels_threshold_1_3_4_5_6_10/low/geography/dot_plot/10-1038-s41467-026-70845-x__fig04_c/description.md,/ssd2/liwentao/SciFigureHub/SciFigure2Code/audits/codex_dataset_audit_first100/10-1038-s41467-026-70845-x__fig04_c/audit.json,/ssd2/liwentao/SciFigureHub/SciFigure2Code/audits/codex_dataset_audit_first100/10-1038-s41467-026-70845-x__fig04_c/prompt.md,/ssd2/liwentao/SciFigureHub/SciFigure2Code/audits/codex_dataset_audit_first100/10-1038-s41467-026-70845-x__fig04_c/static_precheck.json,geography,geography,dot_plot,low,3,Nature Communications,10.1038/s41467-026-70845-x,,,clean,True,0.93,No meaningful QC issue found; the code builds an editable matplotlib dot plot from grouped count data without loading or tracing source imagery.,"This panel shows a two-group dot plot comparing average pups per litter between CTR and CKO mice, with mean ± SD overlays and a p-value bracket. CTR values cluster high around 6-10 pups, while CKO values are much lower around 1-6 pups.","Loss of BAP1 severely impairs female reproductive capacity. a Fertility assessment of Bap1 control (CTR, n = 6) and conditional knockout (CKO, n = 5) female mice. Starting at 7 weeks of age, females were continuously housed with wild-type B6 males for six months. Data are presented as mean ± SD. P- value calculated by two-sided Student’s t -test. b Total number of litters produced during the 6-month mating trial for Bap1 CTR ( n = 6) and CKO ( n = 5) females. Data are presented as mean ± SD. P- value calculated by two-sided Student’s t -test. c Average number of pups per litter. A total of 36 and 18 litters were analyzed for CTR and CKO groups, respectively. Data are presented as mean ± SD. P- value calculated by two-sided Student’s t -test. d Number of E3.5 embryos per litter from Bap1 CTR ( n = 10) and CKO ( n = 7) females. Data are presented as mean ± SD. P- value calculated by two-sided Student’s t -test. e Brightfield images of E3.5 embryos collected from Bap1 CTR and CKO females. Embryos were cultured ex vivo for an additional 24 hours. Scale bar, 100 μm. f Percentages of CTR and maternal knockout (matKO) embryos that reached the blastocyst stage at E3.5 and after 24-h culture. At E3.5, 79 embryos from 10 litters (CTR) and 41 embryos from 7 litters (matKO) were analyzed. For E3.5 + 24 h culture, 36 embryos from 4 litters (CTR) and 19 embryos from 4 litters (matKO) were analyzed. Data are presented as mean ± SD. Chi-square test. g Immunofluorescence staining of CTR and matKO blastocysts (E3.5 + 24 h culture) using antibodies against NANOG, GATA4, and CDX2. The number of blastocysts analyzed is indicated. Scale bar, 20 μm. h Quantification of cell numbers for blastocysts shown in ( j ). Data are presented as mean ± SD. P- value calculated by two-sided Student’s t -test. i Number of implantation sites per litter at embryonic day 6.5 (E6.5) in Bap1 CTR ( n = 5) and CKO ( n = 5) groups. Data are presented as mean ± SD. P- value calculated by two-sided Student’s t -test. j Number of embryos recovered at E6.5 for Bap1 CTR ( n = 5) and CKO ( n = 5) females. Data are presented as mean ± SD. P- value calculated by two-sided Student’s t -test. k Pictures of one CTR and one matKO litter at E6.5. Scale bar, 1 mm. l Number of viable pups per litter at E18.5 in Bap1 CTR ( n = 6) and CKO ( n = 8) groups. Data are presented as mean ± SD. P- value calculated by two-sided Student’s t -test. m Embryonic resorption rates at E18.5 for Bap1 CTR ( n = 6) and CKO ( n = 8) females. Data are presented as mean ± SD. P- value calculated by two-sided Student’s t -test. n Fetal weights at E18.5. CTR: 58 pups from six litters; CKO: 31 pups from eight litters. Data are presented as mean ± SD. P- value calculated by two-sided Student’s t -test. o Placental weights at E18.5. Sample sizes match those in ( n ). Data are presented as mean ± SD. P- value calculated by two-sided Student’s t -test. p Schematics of IVF groups. Mat: maternal; Pat: paternal. q Brightfield images of blastocysts of the indicated groups at 96 and 120 h post IVF (hpi). Scale bar, 100 μm. r Stacked bar plot showing developmental progression of IVF embryos at specified time points. 26 (CTR), 55 (matKO), 28 (patKO), and 39 (mzKO) embryos were analyzed. 1 C: one-cell stage. * p = 0.06, ** p < 0.001, chi-square test. Source data are provided as a Source data file."
10-1038-s41467-026-70847-9__fig01_d,/ssd2/liwentao/SciFigureHub/FigureComplexityDataset_3levels_threshold_1_3_4_5_6_10/low/environment/multi_line/10-1038-s41467-026-70847-9__fig01_d,/ssd2/liwentao/SciFigureHub/FigureComplexityDataset_3levels_threshold_1_3_4_5_6_10/low/environment/multi_line/10-1038-s41467-026-70847-9__fig01_d/target.png,/ssd2/liwentao/SciFigureHub/FigureComplexityDataset_3levels/low/environment/multi_line/10-1038-s41467-026-70847-9__fig01_d/target.pdf,/ssd2/liwentao/SciFigureHub/FigureComplexityDataset_3levels_threshold_1_3_4_5_6_10/low/environment/multi_line/10-1038-s41467-026-70847-9__fig01_d/reproduce_panel.png,/ssd2/liwentao/SciFigureHub/FigureComplexityDataset_3levels/low/environment/multi_line/10-1038-s41467-026-70847-9__fig01_d/reproduce_panel.pdf,/ssd2/liwentao/SciFigureHub/FigureComplexityDataset_3levels_threshold_1_3_4_5_6_10/low/environment/multi_line/10-1038-s41467-026-70847-9__fig01_d/reproduce_panel.py,/ssd2/liwentao/SciFigureHub/FigureComplexityDataset_3levels_threshold_1_3_4_5_6_10/low/environment/multi_line/10-1038-s41467-026-70847-9__fig01_d/description.md,/ssd2/liwentao/SciFigureHub/SciFigure2Code/audits/codex_dataset_audit_first100/10-1038-s41467-026-70847-9__fig01_d/audit.json,/ssd2/liwentao/SciFigureHub/SciFigure2Code/audits/codex_dataset_audit_first100/10-1038-s41467-026-70847-9__fig01_d/prompt.md,/ssd2/liwentao/SciFigureHub/SciFigure2Code/audits/codex_dataset_audit_first100/10-1038-s41467-026-70847-9__fig01_d/static_precheck.json,environment,environment,multi_line,low,3,Nature Communications,10.1038/s41467-026-70847-9,,,clean,True,0.96,"No meaningful audit issues found; the code builds an editable two-series step plot from numeric arrays without image dependencies, and the reproduced panel remains readable.","This panel is a two-series step plot of coiled-coil probability versus sequence position, comparing PCOILS in red and MARCOIL in light blue. Both traces show a dominant high-probability region around positions 175-215 and smaller low-probability segments earlier in the sequence.","Structural and functional characterization of KERP2 through in silico analysis. a Maximum likelihood phylogenetic tree of KERP2 (EHI_065630) and homologous sequences across eukaryotic taxa, constructed using IQ-TREE and visualized with iTOL. The circular display represents bootstrap values with color gradients, while the rectangular display provides a simplified view for clarity, focusing on Entamoeba species. Bootstrap values are indicated at major branch points. b Multiple sequence alignment of the KERP2 SAP domain (amino acids 104–141) with representative SAP domains from other organisms, constructed as described in ref. 17 . Conserved residues associated with DNA binding are highlighted by residue properties: hydrophobic (yellow), small (green), polar (purple), and bulky (gray). c Predicted secondary structures, shown schematically, feature two amphipathic helices characteristic of the SAP domain. Structural model of KERP2 generated by I-TASSER (white) showing conserved architecture resembling the N-terminal region of DEK proteins, including the embedded SAP domain (green; PDB ID: 2JX3). d Sequence analysis identifies a coiled-coil domain in the C-terminal region (amino acids 178–216) predicted by PCOILS and MARCOIL. Source data are provided as a Source Data file. e Schematic representation of the domain architecture of KERP2, highlighting the SAP domain (green), coiled-coil domain (purple), and nuclear localization signal (NLS, red line)."
10-1038-s41467-026-70883-5__fig04_a,/ssd2/liwentao/SciFigureHub/FigureComplexityDataset_3levels_threshold_1_3_4_5_6_10/medium/environment/scatter/10-1038-s41467-026-70883-5__fig04_a,/ssd2/liwentao/SciFigureHub/FigureComplexityDataset_3levels_threshold_1_3_4_5_6_10/medium/environment/scatter/10-1038-s41467-026-70883-5__fig04_a/target.png,/ssd2/liwentao/SciFigureHub/FigureComplexityDataset_3levels/medium/environment/scatter/10-1038-s41467-026-70883-5__fig04_a/target.pdf,/ssd2/liwentao/SciFigureHub/FigureComplexityDataset_3levels_threshold_1_3_4_5_6_10/medium/environment/scatter/10-1038-s41467-026-70883-5__fig04_a/reproduce_panel.png,/ssd2/liwentao/SciFigureHub/FigureComplexityDataset_3levels/medium/environment/scatter/10-1038-s41467-026-70883-5__fig04_a/reproduce_panel.pdf,/ssd2/liwentao/SciFigureHub/FigureComplexityDataset_3levels_threshold_1_3_4_5_6_10/medium/environment/scatter/10-1038-s41467-026-70883-5__fig04_a/reproduce_panel.py,/ssd2/liwentao/SciFigureHub/FigureComplexityDataset_3levels_threshold_1_3_4_5_6_10/medium/environment/scatter/10-1038-s41467-026-70883-5__fig04_a/description.md,/ssd2/liwentao/SciFigureHub/SciFigure2Code/audits/codex_dataset_audit_first100/10-1038-s41467-026-70883-5__fig04_a/audit.json,/ssd2/liwentao/SciFigureHub/SciFigure2Code/audits/codex_dataset_audit_first100/10-1038-s41467-026-70883-5__fig04_a/prompt.md,/ssd2/liwentao/SciFigureHub/SciFigure2Code/audits/codex_dataset_audit_first100/10-1038-s41467-026-70883-5__fig04_a/static_precheck.json,environment,environment,scatter,medium,4,Nature Communications,10.1038/s41467-026-70883-5,,,clean,True,0.95,No meaningful audit issues found; the reproduction uses editable Matplotlib scatter data and annotations without image dependency or raster tracing.,"This panel shows anti-macrophage IgA measurements for control and HS samples as a two-group scatter plot with median-and-range overlays and a broken y-axis. A p-value bracket indicates a strong difference, and the crop includes a partial glimpse of the neighboring panel at the right edge.","IgA antibodies activate macrophages and promote Th17 polarization. A Anti-macrophage (control (Ctrl, n = 8) and HS patient samples ( n = 27)) and D anti-CD68 IgA antibody levels measured in homogenized lysates from control (Ctrl, n = 4) and HS patient samples ( n = 20). The data are presented as median ± range of three independent experiments in duplicates. For the statistical analysis, a 2-sided unpaired Mann-Whitney U - test was used. B , E Correlation of anti-macrophage B and anti-CD68 E IgA antibody levels with HS severity based on Hurley stage. For the statistical analysis, the Kruskal-Wallis test was used. C Representative confocal images of skin lesions from HS patients and controls (ctrl) stained for CD68 (green), IgA (red), and DNA (Hoechst, blue). Images are representative of 6 HS patients and 3 controls. Scale bars, 100 μm, Zoom 10 μm, F Heatmap of unsupervised clustering of RNA sequencing data from M2 macrophages treated with IgA from control (ctrl, n = 4) or HS patients ( n = 4). Data represents four independent experiments. G Gene ontology enrichment analysis of transcripts upregulated in macrophages treated with HS IgA versus control IgA. H – J Detection of proinflammatory cytokines TNFα ( H ), IL-6 ( I ), and IL-1β ( J ) in supernatants of macrophages treated with control or HS-IgA or HS-IgG for 24 h. K qPCR analysis of RORC expression and L detection of IL-17A in supernatants of naïve T cells cultured for 4 days with conditioned media from macrophages exposed to control or HS-IgA or HS-IgG. Data are shown as median ± range of five to six independent experiments in duplicates in ( H , I , J , L ) and four independent experiments in duplicates for ( K ). For the statistical analysis, the Kruskal-Wallis test was used in ( H – L ). Source data are provided as a Source data file."
10-1038-s41467-026-70897-z__fig05_d,/ssd2/liwentao/SciFigureHub/FigureComplexityDataset_3levels_threshold_1_3_4_5_6_10/medium/environment/multi_line/10-1038-s41467-026-70897-z__fig05_d,/ssd2/liwentao/SciFigureHub/FigureComplexityDataset_3levels_threshold_1_3_4_5_6_10/medium/environment/multi_line/10-1038-s41467-026-70897-z__fig05_d/target.png,/ssd2/liwentao/SciFigureHub/FigureComplexityDataset_3levels/medium/environment/multi_line/10-1038-s41467-026-70897-z__fig05_d/target.pdf,/ssd2/liwentao/SciFigureHub/FigureComplexityDataset_3levels_threshold_1_3_4_5_6_10/medium/environment/multi_line/10-1038-s41467-026-70897-z__fig05_d/reproduce_panel.png,/ssd2/liwentao/SciFigureHub/FigureComplexityDataset_3levels/medium/environment/multi_line/10-1038-s41467-026-70897-z__fig05_d/reproduce_panel.pdf,/ssd2/liwentao/SciFigureHub/FigureComplexityDataset_3levels_threshold_1_3_4_5_6_10/medium/environment/multi_line/10-1038-s41467-026-70897-z__fig05_d/reproduce_panel.py,/ssd2/liwentao/SciFigureHub/FigureComplexityDataset_3levels_threshold_1_3_4_5_6_10/medium/environment/multi_line/10-1038-s41467-026-70897-z__fig05_d/description.md,/ssd2/liwentao/SciFigureHub/SciFigure2Code/audits/codex_dataset_audit_first100/10-1038-s41467-026-70897-z__fig05_d/audit.json,/ssd2/liwentao/SciFigureHub/SciFigure2Code/audits/codex_dataset_audit_first100/10-1038-s41467-026-70897-z__fig05_d/prompt.md,/ssd2/liwentao/SciFigureHub/SciFigure2Code/audits/codex_dataset_audit_first100/10-1038-s41467-026-70897-z__fig05_d/static_precheck.json,environment,environment,multi_line,medium,4,Nature Communications,10.1038/s41467-026-70897-z,,,clean,True,0.96,No meaningful audit issues found; the code uses editable matplotlib line plots from compact numeric arrays and the reproduced panel is readable without clipping or overlap.,"This panel is a dynamic mechanical analysis line plot for recycled volumetrically 3D printed HDF-X, showing storage modulus G', loss modulus G'', and Tan delta versus temperature with dual y-axes. It contains one teal solid trace, one teal dashed trace, and one black dotted trace across roughly -50 to 100 degrees Celsius.","Comparison of the physicochemical properties of pristine (red circles/lines) and recycled (blue squares/lines) volumetrically 3D printed HDF-X. a Thermal characterization via TGA and DSC, including degradation temperature ( T Degr ., 2%), melting temperature ( T m ), crystallization temperature ( T c ), and glass transition temperature ( T g ), along with melting enthalpy ( ΔH m ) and crystallization enthalpy ( ΔH c ). b Tensile properties: elongation at break, Young’s modulus, and ultimate stress. c , d Dynamic mechanical analysis (DMA) of pristine ( c ) and recycled ( d ) volumetric 3D printed samples, showing storage modulus ( G ′), loss modulus ( G ″), and damping factor (tan δ ) as a function of temperature. All measurements were performed in triplicate (except DMA), and bars represent the mean, error bars indicate the standard deviation, and overlaid dots represent individual measurements ( n = 3 independent samples per group). No statistically significant differences were observed between pristine and recycled samples (all P ≥ 0.1752). Statistical analysis ( a , b ): unpaired two-sided t -tests with Welch’s correction were used; P values were not adjusted for multiple comparisons. Full test statistics ( t , degrees of freedom, 95% confidence intervals, effect sizes, and P values) are reported in Section S7. DMA ( c , d ): representative traces ( n = 1); no hypothesis testing was performed."
10-1038-s41467-026-70979-y__fig03_f,/ssd2/liwentao/SciFigureHub/FigureComplexityDataset_3levels_threshold_1_3_4_5_6_10/medium/environment/time_series/10-1038-s41467-026-70979-y__fig03_f,/ssd2/liwentao/SciFigureHub/FigureComplexityDataset_3levels_threshold_1_3_4_5_6_10/medium/environment/time_series/10-1038-s41467-026-70979-y__fig03_f/target.png,/ssd2/liwentao/SciFigureHub/FigureComplexityDataset_3levels/medium/environment/time_series/10-1038-s41467-026-70979-y__fig03_f/target.pdf,/ssd2/liwentao/SciFigureHub/FigureComplexityDataset_3levels_threshold_1_3_4_5_6_10/medium/environment/time_series/10-1038-s41467-026-70979-y__fig03_f/reproduce_panel.png,/ssd2/liwentao/SciFigureHub/FigureComplexityDataset_3levels/medium/environment/time_series/10-1038-s41467-026-70979-y__fig03_f/reproduce_panel.pdf,/ssd2/liwentao/SciFigureHub/FigureComplexityDataset_3levels_threshold_1_3_4_5_6_10/medium/environment/time_series/10-1038-s41467-026-70979-y__fig03_f/reproduce_panel.py,/ssd2/liwentao/SciFigureHub/FigureComplexityDataset_3levels_threshold_1_3_4_5_6_10/medium/environment/time_series/10-1038-s41467-026-70979-y__fig03_f/description.md,/ssd2/liwentao/SciFigureHub/SciFigure2Code/audits/codex_dataset_audit_first100/10-1038-s41467-026-70979-y__fig03_f/audit.json,/ssd2/liwentao/SciFigureHub/SciFigure2Code/audits/codex_dataset_audit_first100/10-1038-s41467-026-70979-y__fig03_f/prompt.md,/ssd2/liwentao/SciFigureHub/SciFigure2Code/audits/codex_dataset_audit_first100/10-1038-s41467-026-70979-y__fig03_f/static_precheck.json,environment,environment,time_series,medium,4,Nature Communications,10.1038/s41467-026-70979-y,,,clean,True,0.95,No meaningful audit issues found; the code builds editable synthetic time-series traces with normal Matplotlib primitives and the rendered panel has readable text without damaging overlap.,"This panel shows a 100 h electrochemical stability time series of current density versus time, comparing non-polarized and polarized KOH. The red polarized trace has four re-ultrasonic-treatment reset spikes marked by arrows, while the blue non-polarized trace stays much lower throughout.","Enhanced OER performance in the piezoelectric-polarized electrolyte. a 85% iR-compensated LSV curves (see Supplementary Fig. 7e for no iR-compensated data) for NiOOH in non-polarized (R s = 1.4 ± 0.2 Ω) and polarized 1 M KOH (R s = 1.2 ± 0.1 Ω) and commercial RuO 2 in pristine 1 M KOH (R s = 1.1 ± 0.1 Ω), with the electrode area of 1 cm 2 . The piezoelectric PVDF/20BTO film was positioned parallel to the working electrode (cell setup photograph was shown in inset). b Electrochemically active surface area (ECSA)-normalized LSV curves. c Tafel plots. d Nyquist plots of NiOOH measured at 1.6 V (Inset shows equivalent circuit for impedance fitting) in non-polarized and polarized KOH (1 M). e Solution resistance (R s ) and charge transfer resistance (R ct ). f Electrochemical stability tests of NiOOH in non-polarized and polarized KOH at 1.7 V, without iR compensation."
10-1038-s41467-026-70979-y__fig04_c,/ssd2/liwentao/SciFigureHub/FigureComplexityDataset_3levels_threshold_1_3_4_5_6_10/high/environment/multi_line/10-1038-s41467-026-70979-y__fig04_c,/ssd2/liwentao/SciFigureHub/FigureComplexityDataset_3levels_threshold_1_3_4_5_6_10/high/environment/multi_line/10-1038-s41467-026-70979-y__fig04_c/target.png,/ssd2/liwentao/SciFigureHub/FigureComplexityDataset_3levels/medium/environment/multi_line/10-1038-s41467-026-70979-y__fig04_c/target.pdf,/ssd2/liwentao/SciFigureHub/FigureComplexityDataset_3levels_threshold_1_3_4_5_6_10/high/environment/multi_line/10-1038-s41467-026-70979-y__fig04_c/reproduce_panel.png,/ssd2/liwentao/SciFigureHub/FigureComplexityDataset_3levels/medium/environment/multi_line/10-1038-s41467-026-70979-y__fig04_c/reproduce_panel.pdf,/ssd2/liwentao/SciFigureHub/FigureComplexityDataset_3levels_threshold_1_3_4_5_6_10/high/environment/multi_line/10-1038-s41467-026-70979-y__fig04_c/reproduce_panel.py,/ssd2/liwentao/SciFigureHub/FigureComplexityDataset_3levels_threshold_1_3_4_5_6_10/high/environment/multi_line/10-1038-s41467-026-70979-y__fig04_c/description.md,/ssd2/liwentao/SciFigureHub/SciFigure2Code/audits/codex_dataset_audit_first100/10-1038-s41467-026-70979-y__fig04_c/audit.json,/ssd2/liwentao/SciFigureHub/SciFigure2Code/audits/codex_dataset_audit_first100/10-1038-s41467-026-70979-y__fig04_c/prompt.md,/ssd2/liwentao/SciFigureHub/SciFigure2Code/audits/codex_dataset_audit_first100/10-1038-s41467-026-70979-y__fig04_c/static_precheck.json,environment,environment,multi_line,high,6,Nature Communications,10.1038/s41467-026-70979-y,,,clean,True,0.93,"No meaningful audit issue found; the code generates editable synthetic stacked Raman spectra without image dependencies, and the reproduced panel remains readable without damaging overlap or clipping.",This panel shows stacked in situ Raman spectra of NiOOH in polarized KOH at seven voltages from 1.3 V to 1.9 V. Two Ni-O vibrational features near 479.2 and 566.9 cm^-1 are highlighted with dotted guide lines and text annotations.,"Enhanced Ni-O covalency of NiOOH in piezoelectric-polarized electrolyte. a Ni- K edge X-ray absorption near-edge structure (XANES) and b extended X-ray absorption fine structure (EXFAS) spectra of Ni foil, NiO, and NiOOH in non-polarized and piezoelectric-polarized KOH. c In situ Raman spectra of NiOOH in piezoelectric-polarized KOH. d Intensity ratio (I δ/ν ) of in situ Raman spectra of NiOOH in non-polarized and piezoelectric-polarized KOH. e PDOS band centers of the O 2 p and Ni 3 d orbitals in NiOOH in non-polarized and piezoelectric-polarized KOH. f Crystal orbital Hamilton population (COHP)."
10-1038-s41467-026-71004-y__fig05_e,/ssd2/liwentao/SciFigureHub/FigureComplexityDataset_3levels_threshold_1_3_4_5_6_10/medium/environment/stacked_bar/10-1038-s41467-026-71004-y__fig05_e,/ssd2/liwentao/SciFigureHub/FigureComplexityDataset_3levels_threshold_1_3_4_5_6_10/medium/environment/stacked_bar/10-1038-s41467-026-71004-y__fig05_e/target.png,/ssd2/liwentao/SciFigureHub/FigureComplexityDataset_3levels/medium/environment/stacked_bar/10-1038-s41467-026-71004-y__fig05_e/target.pdf,/ssd2/liwentao/SciFigureHub/FigureComplexityDataset_3levels_threshold_1_3_4_5_6_10/medium/environment/stacked_bar/10-1038-s41467-026-71004-y__fig05_e/reproduce_panel.png,/ssd2/liwentao/SciFigureHub/FigureComplexityDataset_3levels/medium/environment/stacked_bar/10-1038-s41467-026-71004-y__fig05_e/reproduce_panel.pdf,/ssd2/liwentao/SciFigureHub/FigureComplexityDataset_3levels_threshold_1_3_4_5_6_10/medium/environment/stacked_bar/10-1038-s41467-026-71004-y__fig05_e/reproduce_panel.py,/ssd2/liwentao/SciFigureHub/FigureComplexityDataset_3levels_threshold_1_3_4_5_6_10/medium/environment/stacked_bar/10-1038-s41467-026-71004-y__fig05_e/description.md,/ssd2/liwentao/SciFigureHub/SciFigure2Code/audits/codex_dataset_audit_first100/10-1038-s41467-026-71004-y__fig05_e/audit.json,/ssd2/liwentao/SciFigureHub/SciFigure2Code/audits/codex_dataset_audit_first100/10-1038-s41467-026-71004-y__fig05_e/prompt.md,/ssd2/liwentao/SciFigureHub/SciFigure2Code/audits/codex_dataset_audit_first100/10-1038-s41467-026-71004-y__fig05_e/static_precheck.json,environment,environment,stacked_bar,medium,5,Nature Communications,10.1038/s41467-026-71004-y,,,clean,True,0.94,"No meaningful audit issue found; the code uses editable plotted data arrays and primitives without image dependencies, and the reproduced panel remains readable.","This panel shows stacked heat-loss components for uncovered, aerogel, and glass-air module conditions at 24°C and 38°C, with dashed outlines indicating radiative loss including sky cooling. Hatched bars on the right axis compare field and laboratory normalized water productivity for the same conditions.","Outdoor field tests and lab-to-field performance analysis of the MSD modules. a Photograph of the parallel outdoor experimental setup featuring an uncovered module (left) and a 6 mm aerogel-insulated module (right). b, c Real-time environmental and performance data from a representative day (November 27 th , 2024), showing b Absorber temperature of the MSD modules with 6 mm aerogel insulation (solid line, left y-axis) versus without SSAL (dotted line, left y-axis), along with the ambient temperature (dash dot line, left y-axis) and surrounding wind speed (shaded area, right y-axis), and c cumulative water production (lines, left y-axis) and incident solar flux (shaded area, right y-axis). d Comparison of ERI for the aerogel-insulated and uncovered modules over a continuous seven-day outdoor test during November 24–30 th , 2024, and for the glass-air composite-insulated and uncovered modules on August 23 rd , 2025. The ERI is calculated as the ratio of the measured daily normalized productivity ( P’ field ) to the respective laboratory benchmark ( P’ lab from Fig. 4 ). e Quantitative analysis of heat loss and normalized water productivity ( P’ ), comparing laboratory measurements with field data from test at 24°C ambient and at 38°C ambient. The stacked bars (left y-axis) represent individual heat loss contributions by radiation when the effect of sky cooling is absent ( Q r , yellow), convection ( Q v , blue), conduction ( Q d , green), and spectral loss ( Q s , navy). The dashed outlines indicate the radiative heat loss when the effect of sky cooling is included. The green hatched bars (right y-axis) show the corresponding field normalized water productivity, while the blue hatched bars represent the normalized water productivity measured in the laboratory setting under identical wind and solar intensity. f Benchmarking plot of ERI versus laboratory normalized water productivity ( P ′ lab ). The plot compares this work with prior studies that reported both lab and field data. The dashed line represents ERI = 1.0. Additional information for the data presented in this figure can be found in Table S2 ."
10-1038-s41467-026-71095-7__fig05_a,/ssd2/liwentao/SciFigureHub/FigureComplexityDataset_3levels_threshold_1_3_4_5_6_10/medium/environment/histogram/10-1038-s41467-026-71095-7__fig05_a,/ssd2/liwentao/SciFigureHub/FigureComplexityDataset_3levels_threshold_1_3_4_5_6_10/medium/environment/histogram/10-1038-s41467-026-71095-7__fig05_a/target.png,/ssd2/liwentao/SciFigureHub/FigureComplexityDataset_3levels/medium/environment/histogram/10-1038-s41467-026-71095-7__fig05_a/target.pdf,/ssd2/liwentao/SciFigureHub/FigureComplexityDataset_3levels_threshold_1_3_4_5_6_10/medium/environment/histogram/10-1038-s41467-026-71095-7__fig05_a/reproduce_panel.png,/ssd2/liwentao/SciFigureHub/FigureComplexityDataset_3levels/medium/environment/histogram/10-1038-s41467-026-71095-7__fig05_a/reproduce_panel.pdf,/ssd2/liwentao/SciFigureHub/FigureComplexityDataset_3levels_threshold_1_3_4_5_6_10/medium/environment/histogram/10-1038-s41467-026-71095-7__fig05_a/reproduce_panel.py,/ssd2/liwentao/SciFigureHub/FigureComplexityDataset_3levels_threshold_1_3_4_5_6_10/medium/environment/histogram/10-1038-s41467-026-71095-7__fig05_a/description.md,/ssd2/liwentao/SciFigureHub/SciFigure2Code/audits/codex_dataset_audit_first100/10-1038-s41467-026-71095-7__fig05_a/audit.json,/ssd2/liwentao/SciFigureHub/SciFigure2Code/audits/codex_dataset_audit_first100/10-1038-s41467-026-71095-7__fig05_a/prompt.md,/ssd2/liwentao/SciFigureHub/SciFigure2Code/audits/codex_dataset_audit_first100/10-1038-s41467-026-71095-7__fig05_a/static_precheck.json,environment,environment,histogram,medium,4,Nature Communications,10.1038/s41467-026-71095-7,,,clean,True,0.94,"No meaningful QC issue found; the code builds an editable histogram/density/pie plot without image loading or raster tracing, and text remains readable.","This panel shows a histogram of partial Mantel correlation coefficients between giant viruses and eukaryotic lineages, overlaid with a smooth gray density shape and marked by a blue dashed threshold at r = 0.53. An inset pie chart summarizes known versus unknown GV-eukaryotic lineage associations.","Associations between giant viruses (GVs) and eukaryotic communities. a Histograms show the frequency of partial Mantel correlation coefficients ( r ) between normalized abundances of GVs and eukaryotic lineages. Correlation coefficients r > 0.53 are drawn in blue dashed line. The pie chart shows the proportion of known and unknown GV-eukaryotic lineage associations. b The relationships between the normalized abundances of GVs and their potential eukaryotic hosts across intertidal samples. The shaded gray region reflects 95% confidence intervals of the fitted regression line. The linear regression represents Pearson correlation coefficient relationship. Statistical significance of the linear regression was evaluated using a two-sided F test. c Co-occurrence networks of GVs and eukaryotes. Squares represent GV lineages and circles represent eukaryotic lineages present in intertidal sediments. Edges represent the number of associations between GV and eukaryotic species. Known associations are shown in blue, whereas unknown associations are shown in gray. Source data are provided as a Source Data file."
10-1038-s41467-026-71184-7__fig02_c,/ssd2/liwentao/SciFigureHub/FigureComplexityDataset_3levels_threshold_1_3_4_5_6_10/high/environment/scatter/10-1038-s41467-026-71184-7__fig02_c,/ssd2/liwentao/SciFigureHub/FigureComplexityDataset_3levels_threshold_1_3_4_5_6_10/high/environment/scatter/10-1038-s41467-026-71184-7__fig02_c/target.png,/ssd2/liwentao/SciFigureHub/FigureComplexityDataset_3levels/medium/environment/scatter/10-1038-s41467-026-71184-7__fig02_c/target.pdf,/ssd2/liwentao/SciFigureHub/FigureComplexityDataset_3levels_threshold_1_3_4_5_6_10/high/environment/scatter/10-1038-s41467-026-71184-7__fig02_c/reproduce_panel.png,/ssd2/liwentao/SciFigureHub/FigureComplexityDataset_3levels/medium/environment/scatter/10-1038-s41467-026-71184-7__fig02_c/reproduce_panel.pdf,/ssd2/liwentao/SciFigureHub/FigureComplexityDataset_3levels_threshold_1_3_4_5_6_10/high/environment/scatter/10-1038-s41467-026-71184-7__fig02_c/reproduce_panel.py,/ssd2/liwentao/SciFigureHub/FigureComplexityDataset_3levels_threshold_1_3_4_5_6_10/high/environment/scatter/10-1038-s41467-026-71184-7__fig02_c/description.md,/ssd2/liwentao/SciFigureHub/SciFigure2Code/audits/codex_dataset_audit_first100/10-1038-s41467-026-71184-7__fig02_c/audit.json,/ssd2/liwentao/SciFigureHub/SciFigure2Code/audits/codex_dataset_audit_first100/10-1038-s41467-026-71184-7__fig02_c/prompt.md,/ssd2/liwentao/SciFigureHub/SciFigure2Code/audits/codex_dataset_audit_first100/10-1038-s41467-026-71184-7__fig02_c/static_precheck.json,environment,environment,scatter,high,6,Nature Communications,10.1038/s41467-026-71184-7,,,clean,True,0.93,"No meaningful audit issue found; the script uses editable synthetic scatter data and only reads target.png for canvas size, not for pixel copying or image editing.","This panel is a scatter-style current-voltage plot for pristine CN, with current remaining near zero at low voltage and rising sharply at higher applied voltage. It shows a single nonlinear I-V dataset with axes labeled Current (A) and Applied voltage (V) plus a CN annotation.","Structural and electrical characterization of carbon nitride foams and composites. a SEM image of carbon nitride foam showing a three-dimensional interconnected porous skeleton. b Schematic of the microprobe setup for testing individual struts. I - V curves of pristine CN ( c ), CN-B ( d ), and CN-P ( e ) foams, revealing nonlinear conduction with switching field shifts induced by B and P doping. f Electrical conductivity of EP/CN, EP/CN-B, and EP/CN-P composites as a function of electric field. g Illustration of charge dissipation above the switching field. h TSDC results of EP/CN, EP/CN-B, and EP/CN-P, with distinct depolarization peaks corresponding to shallow and deep potential wells, confirming the tunable energy-level distribution. The electrical measurements in ( c – f and h ) were performed on at least three independent specimens ( n = 3) for each material, and representative results are presented. Source data are provided as a Source Data file."
10-1038-s41467-026-71227-z__fig01_e,/ssd2/liwentao/SciFigureHub/FigureComplexityDataset_3levels_threshold_1_3_4_5_6_10/medium/geography/violin/10-1038-s41467-026-71227-z__fig01_e,/ssd2/liwentao/SciFigureHub/FigureComplexityDataset_3levels_threshold_1_3_4_5_6_10/medium/geography/violin/10-1038-s41467-026-71227-z__fig01_e/target.png,/ssd2/liwentao/SciFigureHub/FigureComplexityDataset_3levels/medium/geography/violin/10-1038-s41467-026-71227-z__fig01_e/target.pdf,/ssd2/liwentao/SciFigureHub/FigureComplexityDataset_3levels_threshold_1_3_4_5_6_10/medium/geography/violin/10-1038-s41467-026-71227-z__fig01_e/reproduce_panel.png,/ssd2/liwentao/SciFigureHub/FigureComplexityDataset_3levels/medium/geography/violin/10-1038-s41467-026-71227-z__fig01_e/reproduce_panel.pdf,/ssd2/liwentao/SciFigureHub/FigureComplexityDataset_3levels_threshold_1_3_4_5_6_10/medium/geography/violin/10-1038-s41467-026-71227-z__fig01_e/reproduce_panel.py,/ssd2/liwentao/SciFigureHub/FigureComplexityDataset_3levels_threshold_1_3_4_5_6_10/medium/geography/violin/10-1038-s41467-026-71227-z__fig01_e/description.md,/ssd2/liwentao/SciFigureHub/SciFigure2Code/audits/codex_dataset_audit_first100/10-1038-s41467-026-71227-z__fig01_e/audit.json,/ssd2/liwentao/SciFigureHub/SciFigure2Code/audits/codex_dataset_audit_first100/10-1038-s41467-026-71227-z__fig01_e/prompt.md,/ssd2/liwentao/SciFigureHub/SciFigure2Code/audits/codex_dataset_audit_first100/10-1038-s41467-026-71227-z__fig01_e/static_precheck.json,geography,geography,violin,medium,4,Nature Communications,10.1038/s41467-026-71227-z,,,clean,True,0.93,"No meaningful QC issue found; the script uses editable synthetic violin-plot data and Matplotlib primitives without image dependency or raster tracing, and the rendered labels remain readable.",This panel shows violin plots comparing eccDNA length distributions across six embryo developmental stages and a consistent eccDNA group. Nested significance brackets mark pairwise comparisons from each stage to the consistent eccDNA category.,"Characteristics of eccDNAs during mouse preimplantation embryos. A Schematic overview of the pipeline used to identify eccDNAs across developmental stages: 1C (zygote), 2C (2-Cell), 4C (4-Cell), 8C (8-Cell), MO (morula) and BL (blastocyst). Each sequencing library represents one biological sample consisting of a pool of 100 embryos. Technical replicate sequencing libraries were generated for each sample. B Number of eccDNAs detected at each developmental stage. C Size distribution of eccDNAs across developmental stages. D Bar charts showing the number of eccDNAs gained, lost, or stable at each developmental stage relative to the previous stage. Definitions of the different eccDNA types are provided in the “Methods” section. E Comparison of eccDNA lengths between stage-specific and consistent eccDNAs. Violin plots show the distribution of eccDNA lengths. Statistical significance was assessed using two-sided Wilcoxon rank-sum tests with Benjamini-Hochberg correction for multiple comparisons. ****, adjusted P ( P adj ) < 0.0001. F Genomic feature distribution of consistent eccDNAs. G Significantly enriched pathways associated with consistent eccDNAs. Source data are provided as a Source Data file."
10-1038-s41467-026-71228-y__fig05_c,/ssd2/liwentao/SciFigureHub/FigureComplexityDataset_3levels_threshold_1_3_4_5_6_10/medium/geography/other_data_display/10-1038-s41467-026-71228-y__fig05_c,/ssd2/liwentao/SciFigureHub/FigureComplexityDataset_3levels_threshold_1_3_4_5_6_10/medium/geography/other_data_display/10-1038-s41467-026-71228-y__fig05_c/target.png,/ssd2/liwentao/SciFigureHub/FigureComplexityDataset_3levels/medium/geography/other_data_display/10-1038-s41467-026-71228-y__fig05_c/target.pdf,/ssd2/liwentao/SciFigureHub/FigureComplexityDataset_3levels_threshold_1_3_4_5_6_10/medium/geography/other_data_display/10-1038-s41467-026-71228-y__fig05_c/reproduce_panel.png,/ssd2/liwentao/SciFigureHub/FigureComplexityDataset_3levels/medium/geography/other_data_display/10-1038-s41467-026-71228-y__fig05_c/reproduce_panel.pdf,/ssd2/liwentao/SciFigureHub/FigureComplexityDataset_3levels_threshold_1_3_4_5_6_10/medium/geography/other_data_display/10-1038-s41467-026-71228-y__fig05_c/reproduce_panel.py,/ssd2/liwentao/SciFigureHub/FigureComplexityDataset_3levels_threshold_1_3_4_5_6_10/medium/geography/other_data_display/10-1038-s41467-026-71228-y__fig05_c/description.md,/ssd2/liwentao/SciFigureHub/SciFigure2Code/audits/codex_dataset_audit_first100/10-1038-s41467-026-71228-y__fig05_c/audit.json,/ssd2/liwentao/SciFigureHub/SciFigure2Code/audits/codex_dataset_audit_first100/10-1038-s41467-026-71228-y__fig05_c/prompt.md,/ssd2/liwentao/SciFigureHub/SciFigure2Code/audits/codex_dataset_audit_first100/10-1038-s41467-026-71228-y__fig05_c/static_precheck.json,geography,geography,other_data_display,medium,4,Nature Communications,10.1038/s41467-026-71228-y,,,clean,True,0.9,"The reproduction uses editable matplotlib ellipses, lines, and text labels; the only target reference is an existence check, with no image loading or editing observed.","This panel shows a four-set overlap diagram summarizing shared and unique KEGG-annotated metabolic functions across Limnocylindria families. Colored overlapping lobes contain counts for singleton and shared functional categories, with diagonal family names labeling the sets.","Genome-informed metabolic reconstruction. a Evolution of metabolic potential within Limnocylindria. The main evolutionary clades are displayed in a phylogenetic fashion, starting with the oldest branch. Colored circles indicate the presence of selected enzymes or metabolic pathways, while grey ones signify their absence. A value of ‘1’ inside a grey circle denotes that the enzyme was detected in only one genome out of 98. The number of analysed genomes for each family is shown on the right side of the panel. b , c present the distribution of metabolic potential across the Limnocylindria class based on KEGG functional annotations. d Analysis of functional redundancy ratios, which measure the percentage of genes encoding redundant functions. A value closer to 0 indicates low occurrence of duplicated functional annotations, while a value near 1 suggests high functional redundancy. Pairwise statistical differences are highlighted via the means of capital letters. Boxplots sharing the same capital letter indicate no significant difference ( p > 0.05), while boxplots with different capital letters are significantly different ( p ≤ 0.05). The central line across the boxplots identifies the median, marking the dataset’s midpoint. The box itself demarcates the interquartile range, extending from the first quartile to the third quartile, encapsulating the central 50% of the data. The whiskers project from the box to the furthest data points not categorized as outliers and show the spread of the main body of the dataset. All statistics are reported in Supplementary Data S14. Source data are provided as a Source Data file."
10-1038-s41467-026-71391-2__fig01_c,/ssd2/liwentao/SciFigureHub/FigureComplexityDataset_3levels_threshold_1_3_4_5_6_10/medium/biology/umap_tsne_pca/10-1038-s41467-026-71391-2__fig01_c,/ssd2/liwentao/SciFigureHub/FigureComplexityDataset_3levels_threshold_1_3_4_5_6_10/medium/biology/umap_tsne_pca/10-1038-s41467-026-71391-2__fig01_c/target.png,/ssd2/liwentao/SciFigureHub/FigureComplexityDataset_3levels/medium/biology/umap_tsne_pca/10-1038-s41467-026-71391-2__fig01_c/target.pdf,/ssd2/liwentao/SciFigureHub/FigureComplexityDataset_3levels_threshold_1_3_4_5_6_10/medium/biology/umap_tsne_pca/10-1038-s41467-026-71391-2__fig01_c/reproduce_panel.png,/ssd2/liwentao/SciFigureHub/FigureComplexityDataset_3levels/medium/biology/umap_tsne_pca/10-1038-s41467-026-71391-2__fig01_c/reproduce_panel.pdf,/ssd2/liwentao/SciFigureHub/FigureComplexityDataset_3levels_threshold_1_3_4_5_6_10/medium/biology/umap_tsne_pca/10-1038-s41467-026-71391-2__fig01_c/reproduce_panel.py,/ssd2/liwentao/SciFigureHub/FigureComplexityDataset_3levels_threshold_1_3_4_5_6_10/medium/biology/umap_tsne_pca/10-1038-s41467-026-71391-2__fig01_c/description.md,/ssd2/liwentao/SciFigureHub/SciFigure2Code/audits/codex_dataset_audit_first100/10-1038-s41467-026-71391-2__fig01_c/audit.json,/ssd2/liwentao/SciFigureHub/SciFigure2Code/audits/codex_dataset_audit_first100/10-1038-s41467-026-71391-2__fig01_c/prompt.md,/ssd2/liwentao/SciFigureHub/SciFigure2Code/audits/codex_dataset_audit_first100/10-1038-s41467-026-71391-2__fig01_c/static_precheck.json,biology,AI_biology,umap_tsne_pca,medium,5,Nature Communications,10.1038/s41467-026-71391-2,,,clean,True,0.92,No meaningful audit issues found; the code builds an editable synthetic pseudotime scatter plot without image loading or raster tracing.,"This panel shows a pseudotime trajectory plot with three connected cell-state branches and a viridis-like pseudotime legend. The main structure runs from a left upper branch through a central junction toward a right upper branch, with a short lower branch extending downward.","Deep learning and yeast screens to identify repurposable drugs for Leigh. a , b UMAP plots of scRNAseq of cerebral organoids (COs) from Leigh and isogenic control (CTL) showing uncommitted progenitors with radial glia (RG) identity and neural committed cells with identity of intermediate progenitor cells (IPCs) and mature neurons. c , d Pseudotime analysis reconstructing the developmental trajectory of the three populations following the directionality RG>IPCs>Neurons. e , f Schematic of the deep learning (DL) algorithm to identify drugs promoting differentially expressed transcription factors (DETF)-specific cell fate conversion (created in BioRender. Menacho, C. (2026) https://BioRender.com/siziatp ). g , h Survival assay in wild-type (WT) yeast and knock-out yeast for the SURF1 homologue SHY1 (ΔSHY). Dots in ( g ) show mean +/- SD of n = 3 independent experiments ( i ) Schematic representation of yeast screen (YS) strategy (created in BioRender. Menacho, C. (2026) https://BioRender.com/vaey7ea ). j Screen of 2,250 FDA-approved repurposable compounds in ΔSHY yeast. Dots: individual drug responses to 20 µM treatment at 24 h; black dots: top 2% yeast screen drugs (YSDs); orange dots: YSDs selected for validation. Source data are provided as a Source Data file."
10-1038-s41467-026-71391-2__fig02_c,/ssd2/liwentao/SciFigureHub/FigureComplexityDataset_3levels_threshold_1_3_4_5_6_10/low/biology/box/10-1038-s41467-026-71391-2__fig02_c,/ssd2/liwentao/SciFigureHub/FigureComplexityDataset_3levels_threshold_1_3_4_5_6_10/low/biology/box/10-1038-s41467-026-71391-2__fig02_c/target.png,/ssd2/liwentao/SciFigureHub/FigureComplexityDataset_3levels/low/biology/box/10-1038-s41467-026-71391-2__fig02_c/target.pdf,/ssd2/liwentao/SciFigureHub/FigureComplexityDataset_3levels_threshold_1_3_4_5_6_10/low/biology/box/10-1038-s41467-026-71391-2__fig02_c/reproduce_panel.png,/ssd2/liwentao/SciFigureHub/FigureComplexityDataset_3levels/low/biology/box/10-1038-s41467-026-71391-2__fig02_c/reproduce_panel.pdf,/ssd2/liwentao/SciFigureHub/FigureComplexityDataset_3levels_threshold_1_3_4_5_6_10/low/biology/box/10-1038-s41467-026-71391-2__fig02_c/reproduce_panel.py,/ssd2/liwentao/SciFigureHub/FigureComplexityDataset_3levels_threshold_1_3_4_5_6_10/low/biology/box/10-1038-s41467-026-71391-2__fig02_c/description.md,/ssd2/liwentao/SciFigureHub/SciFigure2Code/audits/codex_dataset_audit_first100/10-1038-s41467-026-71391-2__fig02_c/audit.json,/ssd2/liwentao/SciFigureHub/SciFigure2Code/audits/codex_dataset_audit_first100/10-1038-s41467-026-71391-2__fig02_c/prompt.md,/ssd2/liwentao/SciFigureHub/SciFigure2Code/audits/codex_dataset_audit_first100/10-1038-s41467-026-71391-2__fig02_c/static_precheck.json,biology,AI_biology,box,low,3,Nature Communications,10.1038/s41467-026-71391-2,,,clean,True,0.94,No meaningful audit issues found; the reproduction uses editable boxplot data and primitives without image dependencies or raster tracing.,"This panel shows a DLD neuromorphogenesis boxplot for Leigh iNs, comparing DMSO with multiple compound concentrations. It highlights which treatments increase the number of neurons relative to DMSO.","Neuromorphogenesis assay in Leigh iNs validate talarozole and sertaconazole. a Number of induced neurons (iNs) from Leigh NPCs and isogenic control (CTL) NPCs quantified with high-content analysis (HCA) based on neuronal dendritic marker MAP2 at day 5 of differentiation. Boxplots: mean (center), 25/75 percentiles (box), and 1x SD (whiskers). Individual dots: n = 12 biological replicates; * p < 0.05, unpaired two-tailed t test. Scale bars: 100 µm. b Schematic of the 2D neuromorphogenesis screening in Leigh iNs using DL-predicted drugs (DLDs) and yeast screen drugs (YSDs) (created in BioRender. Menacho, C. (2026) https://BioRender.com/31a4745 ). c – f Quantification of Leigh iNs neurons after treatment with DMSO (“0”) or with DLDs or YSDs and representative images for DLD5 (talarozole) and YSD4 (sertaconazole). Boxplots: mean (center), 25/75 percentiles (box), and 1x SD (whiskers). Individual dots: n = 5 biological replicates, related to DMSO-treated condition. Statistics are shown only for ameliorating compounds, ** p < 0.01, *** p < 0.005, **** p < 0.001, one-way ANOVA, compound-treated Leigh iNs vs DMSO-treated Leigh iNs. Scale bars: 100 µm. g , h Concentration-dependent validation of talarozole and sertaconazole on yeast survival after 24 h or 48 h of increasing concentrations. Dots: mean +/- SD; n = 3 replicates, * p < 0.05, ** p < 0.01, *** p < 0.001, two-way ANOVA. Source data are provided as a Source Data file."
10-1038-s41467-026-71471-3__fig02_c,/ssd2/liwentao/SciFigureHub/FigureComplexityDataset_3levels_threshold_1_3_4_5_6_10/low/geography/bar/10-1038-s41467-026-71471-3__fig02_c,/ssd2/liwentao/SciFigureHub/FigureComplexityDataset_3levels_threshold_1_3_4_5_6_10/low/geography/bar/10-1038-s41467-026-71471-3__fig02_c/target.png,/ssd2/liwentao/SciFigureHub/FigureComplexityDataset_3levels/low/geography/bar/10-1038-s41467-026-71471-3__fig02_c/target.pdf,/ssd2/liwentao/SciFigureHub/FigureComplexityDataset_3levels_threshold_1_3_4_5_6_10/low/geography/bar/10-1038-s41467-026-71471-3__fig02_c/reproduce_panel.png,/ssd2/liwentao/SciFigureHub/FigureComplexityDataset_3levels/low/geography/bar/10-1038-s41467-026-71471-3__fig02_c/reproduce_panel.pdf,/ssd2/liwentao/SciFigureHub/FigureComplexityDataset_3levels_threshold_1_3_4_5_6_10/low/geography/bar/10-1038-s41467-026-71471-3__fig02_c/reproduce_panel.py,/ssd2/liwentao/SciFigureHub/FigureComplexityDataset_3levels_threshold_1_3_4_5_6_10/low/geography/bar/10-1038-s41467-026-71471-3__fig02_c/description.md,/ssd2/liwentao/SciFigureHub/SciFigure2Code/audits/codex_dataset_audit_first100/10-1038-s41467-026-71471-3__fig02_c/audit.json,/ssd2/liwentao/SciFigureHub/SciFigure2Code/audits/codex_dataset_audit_first100/10-1038-s41467-026-71471-3__fig02_c/prompt.md,/ssd2/liwentao/SciFigureHub/SciFigure2Code/audits/codex_dataset_audit_first100/10-1038-s41467-026-71471-3__fig02_c/static_precheck.json,geography,geography,bar,low,3,Nature Communications,10.1038/s41467-026-71471-3,,,clean,True,0.96,No meaningful audit issue found; the script reconstructs the bar chart from editable replicate data and the reproduced panel is readable without material clipping or overlap.,"This panel shows a vertical bar chart of LDH release in 4T1 cells for WT vehicle, WT Gem, and hCasp1 Gem conditions, with replicate points, error bars, and p-value brackets highlighting group differences.","epiCaspase-1 suppresses immunogenic cell death and promotes granulocyte-monocyte progenitors distally in the bone marrow. a Representative of three western blot replicates confirming the efficiency of caspase-1 knockout by CRISPR-Cas9 in G69 bladder cancer cells and knockdown by shRNA in 4T1 breast cancer cells. b LDH release from wild-type (WT) and caspase-1 knockout (Casp1KO) G69 cells after gemcitabine treatment (3 biological replicates). c LDH release from wild-type (WT) and caspase-1 knockdown (shCasp1) 4T1 cells after gemcitabine treatment (3 biological replicates). d Schematic diagram illustrating the gold-standard vaccination assay for evaluating immunogenic cell death in vivo. Created in BioRender. Wong, S. (2026) https://BioRender.com/az159ga . e Kaplan-Meier plot showing tumor-free incidence of mice vaccinated with either vehicle, gemcitabine treated G69 wild-type (gemG69 WT ), or gemcitabine treated caspase-1 KO (gemG69 Casp1KO ) cancer cells as “vaccines” ( n = 10 mice per group). f Corresponding changes in tumor burden from ( e ). g Kaplan-Meier plot showing tumor-free incidence of mice vaccinated with either vehicle ( n = 10 mice per group), gemcitabine treated 4T1 wild-type (gem4T1 WT , n = 10), or gemcitabine treated caspase-1 knockdown (gem4T1 shCasp1 , n = 8) cancer cells as “vaccines”. h Corresponding changes in tumor burden from (g). i Kaplan-Meier plot showing tumor-free incidence of mice vaccinated with either vehicle, gemG69 WT , or gemG69 Casp1KO cancer cell “vaccines” with prior treatment anti-CD8 mAb (αCD8) ( n = 5 mice per group). j Kaplan-Meier plot showing tumor-free incidence of mice vaccinated with gemG69 WT cancer cell as “vaccines” in mice depleted (αLy6G) and not depleted of neutrophils ( n = 8 mice per group). k Schematic diagram depicting a modified vaccination assay in vivo. Red arrow: vaccination doses and treatment scheme. Created in BioRender. Wong, S. (2026) https://BioRender.com/6n2awul . l Flow cytometry gating strategy for the analysis of bone marrow progenitor cell subpopulations, following vaccination with vehicle [black], gemG69 WT [red] or gemG69 Casp1KO [blue] as “vaccines”. m Flow cytometry results showing the counts of granulocyte-monocyte progenitors (GMPs; Lin - Sca - cKit + CD16/32 hi CD34 hi ) in mice vaccinated with gemG69 WT , or gemG69 Casp1KO ( n = 6 mice per group). Statistics: Ordinary one-way ANOVA followed by Dunnett’s multiple comparison test ( b , c , m ), two-way ANOVA with Geisser-Greenhouse correction followed by Dunnett’s multiple comparison test ( f , h ), and log-rank (Mantel-Cox) test ( e , g , i , j ) were performed. Error bars represent standard error of mean (s.e.m.) unless otherwise stated. Source data are provided as a Source Data file."
10-1038-s41467-026-71618-2__fig02_d,/ssd2/liwentao/SciFigureHub/FigureComplexityDataset_3levels_threshold_1_3_4_5_6_10/high/environment/geospatial_map/10-1038-s41467-026-71618-2__fig02_d,/ssd2/liwentao/SciFigureHub/FigureComplexityDataset_3levels_threshold_1_3_4_5_6_10/high/environment/geospatial_map/10-1038-s41467-026-71618-2__fig02_d/target.png,/ssd2/liwentao/SciFigureHub/FigureComplexityDataset_3levels/medium/environment/geospatial_map/10-1038-s41467-026-71618-2__fig02_d/target.pdf,/ssd2/liwentao/SciFigureHub/FigureComplexityDataset_3levels_threshold_1_3_4_5_6_10/high/environment/geospatial_map/10-1038-s41467-026-71618-2__fig02_d/reproduce_panel.png,/ssd2/liwentao/SciFigureHub/FigureComplexityDataset_3levels/medium/environment/geospatial_map/10-1038-s41467-026-71618-2__fig02_d/reproduce_panel.pdf,/ssd2/liwentao/SciFigureHub/FigureComplexityDataset_3levels_threshold_1_3_4_5_6_10/high/environment/geospatial_map/10-1038-s41467-026-71618-2__fig02_d/reproduce_panel.py,/ssd2/liwentao/SciFigureHub/FigureComplexityDataset_3levels_threshold_1_3_4_5_6_10/high/environment/geospatial_map/10-1038-s41467-026-71618-2__fig02_d/description.md,/ssd2/liwentao/SciFigureHub/SciFigure2Code/audits/codex_dataset_audit_first100/10-1038-s41467-026-71618-2__fig02_d/audit.json,/ssd2/liwentao/SciFigureHub/SciFigure2Code/audits/codex_dataset_audit_first100/10-1038-s41467-026-71618-2__fig02_d/prompt.md,/ssd2/liwentao/SciFigureHub/SciFigure2Code/audits/codex_dataset_audit_first100/10-1038-s41467-026-71618-2__fig02_d/static_precheck.json,environment,environment,geospatial_map,high,6,Nature Communications,10.1038/s41467-026-71618-2,,,clean,True,0.92,No meaningful benchmark-quality issue found; the map is generated from synthetic bathymetry and editable plotting primitives without loading or tracing the target image.,"This panel shows a bathymetric map of the North Atlantic around Iceland and the Reykjanes Ridge, with colored circles and squares marking sample sites and their distance from Site FC in rotated principal-component space. Two horizontal color scales summarize the point-distance encoding and bathymetry depth.","Comparison of site FC rare-earth element composition to Reykjanes Ridge. a Ce/Yb ratios of samples plotted as a function of latitude along Reykjanes Ridge. Average Ce/Yb of Site VST-2 is 5.8. Light/dark grey triangles/circles = legacy analyses along the Reykjanes Ridge north and south of 61. 2 ∘ N, respectively 15 – 17 ; green circle = locus of average ratio for on-axis VST-1; orange hexagons = loci of ratios from the mid-Atlantic Ridge at 51. 6 ∘ N; coloured labels (D-MORB, FC, VSR-3, VSR-2 and VST-1) = average ratios for depleted mid-ocean ridge basalts 15 , Site FC glass, and for V-shaped ridge/trough sites. b Loci of analyses as a function of rotated principal components P 1 r and P 2 r where scores and loadings are rotated to ensure that uniform REE enrichment/depletion plots along the horizontal axis. Pink/red diamonds and turquoise/blue circles = downhole analyses of glasses from VSR-3/VSR-2 and from VST-1/VST-2; small purple and large purple squares = whole-rock and average glass analyses for Site FC; black square = global value for D-MORB 15 ; labelled black arrows = vectorial orientations for La, Sm, Gd, Dy and Lu; grey/pink polygons = dominant loci of analyses that define Icelandic/Reykjanes Ridge gradients; black dashed line = locus of inferred non-plume analyses; other symbols are the same as in ( a ). c Same as ( b ), showing results of pyMelt forward modelling. Labelled pink circles = loci of modelled melt compositions for temperature anomalies up to + 200 ∘ C; labelled blue triangles = loci of calculated melt models for different amounts of olivine crystallisation. d Bathymetric map of the North Atlantic Ocean, which summarises distance in principal component space. Bathymetry data are the GEBCO Compilation Group (2025) GEBCO 2025 Grid (doi:10.5285/37c52e96-24ea-67ce-e063-7086abc05f29) 70 . Pink-to-purple circles/squares = loci of analyses where colour is indicative of distance in P 1 r - P 2 r space away from the average composition of Site FC glass, where zero means identical; black line = 2 km bathymetric contour; gold dashed lines = major fracture zones as before."
10-1038-s41467-026-72070-y__fig03_c,/ssd2/liwentao/SciFigureHub/FigureComplexityDataset_3levels_threshold_1_3_4_5_6_10/medium/geography/geospatial_map/10-1038-s41467-026-72070-y__fig03_c,/ssd2/liwentao/SciFigureHub/FigureComplexityDataset_3levels_threshold_1_3_4_5_6_10/medium/geography/geospatial_map/10-1038-s41467-026-72070-y__fig03_c/target.png,/ssd2/liwentao/SciFigureHub/FigureComplexityDataset_3levels/medium/geography/geospatial_map/10-1038-s41467-026-72070-y__fig03_c/target.pdf,/ssd2/liwentao/SciFigureHub/FigureComplexityDataset_3levels_threshold_1_3_4_5_6_10/medium/geography/geospatial_map/10-1038-s41467-026-72070-y__fig03_c/reproduce_panel.png,/ssd2/liwentao/SciFigureHub/FigureComplexityDataset_3levels/medium/geography/geospatial_map/10-1038-s41467-026-72070-y__fig03_c/reproduce_panel.pdf,/ssd2/liwentao/SciFigureHub/FigureComplexityDataset_3levels_threshold_1_3_4_5_6_10/medium/geography/geospatial_map/10-1038-s41467-026-72070-y__fig03_c/reproduce_panel.py,/ssd2/liwentao/SciFigureHub/FigureComplexityDataset_3levels_threshold_1_3_4_5_6_10/medium/geography/geospatial_map/10-1038-s41467-026-72070-y__fig03_c/description.md,/ssd2/liwentao/SciFigureHub/SciFigure2Code/audits/codex_dataset_audit_first100/10-1038-s41467-026-72070-y__fig03_c/audit.json,/ssd2/liwentao/SciFigureHub/SciFigure2Code/audits/codex_dataset_audit_first100/10-1038-s41467-026-72070-y__fig03_c/prompt.md,/ssd2/liwentao/SciFigureHub/SciFigure2Code/audits/codex_dataset_audit_first100/10-1038-s41467-026-72070-y__fig03_c/static_precheck.json,geography,geography,geospatial_map,medium,5.0,Nature Communications,10.1038/s41467-026-72070-y,,,clean,True,0.93,"No meaningful QC issue found; the code uses synthetic editable geospatial field, bathymetry, contours, points, and colorbar without loading or tracing the target image.","This panel shows a longitude-depth section across the South Pacific Ocean with predicted inorganic Fe (Fe') concentrations rendered as a colored field, overlaid with white contour boundaries and a dark seafloor mask. It includes west-longitude ticks, a depth axis, station-like point markers, and a tapered 0-12 nmol/L colorbar.","Impact of reaction pathways on the spatial distribution of predicted inorganic Fe (Fe′) across the South Pacific Ocean. a Pathway #1 (Fig. 1b ) considered binding by dissolved organic matter (DOM). b Combined impact of DOM and siderophores on Fe′ (pathways #1 and #2). c Predicted Fe′ after incorporation of authFeOH formation (pathway #3). d Distribution of Fe′ across the SPO calculated after including POM (particulate organic matter) and labile particulate Fe (pathways #1 to #4; Fig. 1b ). a – c Use dissolved Fe to define the total Fe pool, whilst ( d ) predicts Fe′ from all labile Fe phases (=dissolved + labile particulate Fe). Note non-linear colour bar scale. Contours indicate 1 nmol L −1 (solid line), 0.1 nmol L −1 (dashed line) and 0.01 nmol L −1 (dotted line) boundaries."
10-1038-s41467-026-72158-5__fig03_b,/ssd2/liwentao/SciFigureHub/FigureComplexityDataset_3levels_threshold_1_3_4_5_6_10/medium/environment/grouped_bar/10-1038-s41467-026-72158-5__fig03_b,/ssd2/liwentao/SciFigureHub/FigureComplexityDataset_3levels_threshold_1_3_4_5_6_10/medium/environment/grouped_bar/10-1038-s41467-026-72158-5__fig03_b/target.png,/ssd2/liwentao/SciFigureHub/FigureComplexityDataset_3levels/medium/environment/grouped_bar/10-1038-s41467-026-72158-5__fig03_b/target.pdf,/ssd2/liwentao/SciFigureHub/FigureComplexityDataset_3levels_threshold_1_3_4_5_6_10/medium/environment/grouped_bar/10-1038-s41467-026-72158-5__fig03_b/reproduce_panel.png,/ssd2/liwentao/SciFigureHub/FigureComplexityDataset_3levels/medium/environment/grouped_bar/10-1038-s41467-026-72158-5__fig03_b/reproduce_panel.pdf,/ssd2/liwentao/SciFigureHub/FigureComplexityDataset_3levels_threshold_1_3_4_5_6_10/medium/environment/grouped_bar/10-1038-s41467-026-72158-5__fig03_b/reproduce_panel.py,/ssd2/liwentao/SciFigureHub/FigureComplexityDataset_3levels_threshold_1_3_4_5_6_10/medium/environment/grouped_bar/10-1038-s41467-026-72158-5__fig03_b/description.md,/ssd2/liwentao/SciFigureHub/SciFigure2Code/audits/codex_dataset_audit_first100/10-1038-s41467-026-72158-5__fig03_b/audit.json,/ssd2/liwentao/SciFigureHub/SciFigure2Code/audits/codex_dataset_audit_first100/10-1038-s41467-026-72158-5__fig03_b/prompt.md,/ssd2/liwentao/SciFigureHub/SciFigure2Code/audits/codex_dataset_audit_first100/10-1038-s41467-026-72158-5__fig03_b/static_precheck.json,environment,environment,grouped_bar,medium,4,Nature Communications,10.1038/s41467-026-72158-5,,,clean,True,0.95,No meaningful benchmark-quality issue found; the reproduction uses editable grouped-bar plotting primitives and remains readable without image dependency or raster tracing.,"This panel shows a grouped bar chart comparing gray scale values for Rs-siRNA1.9 and Rs-siRNA1.15 in control versus rice R. solani-derived EV samples. Each bar includes mean ± s.d., individual replicate dots, and vertical P-value annotations inside the rice EV bars.","R. solani -derived sRNAs silence rice target genes during the infection. a Stem-loop RT-PCR detected Rs-siRNA1.9 and Rs-siRNA1.15 in R. solani -derived EVs. RsTsp2 (fungal EV marker) served as a loading control, RsActin as a reference gene, and fungal Rs-miRNA41 and rice OsmiR166 as controls. b Quantification of Rs-siRNA1.9 and Rs-siRNA1.15 levels in fungal EVs (gray scale values from EV panel in ( a ); n = 3 biological replicates). c Rs-siRNA1.9 and Rs-siRNA1.15 were detected by stem-loop RT-PCR after MNase and Proteinase K digestion, indicating that they are inside the EVs. Similar results were obtained in three biologically independent experiments. d The corresponding rice target genes of Rs-siRNA1.9 and Rs-siRNA1.15 were suppressed upon R. solani infection, with OsPR1a as a pathogen-responsive marker and OsActin as an internal control, n = 3 technical replicates. e Co-expression of Rs-siRNA1.9 and Rs-siRNA1.15 with their GFP-target site (ts) expressed in N. benthamiana revealed specific target silencing through western blot analysis. The silencing effect was abolished when sRNA target sites were mutated (target-mutant) in the target genes. Tubulin is shown as a loading control. Similar results were obtained in three biologically independent experiments. f Co-expression of Rs-siRNA1.9 with its LUC-target site (ts) expressed in N. benthamiana revealed specific target silencing. The silencing effect was abolished when the Rs-sRNA target sites were mutated. EV = Empty vector. Scale bar, 2 cm. g The corresponding luminescence signals in ( f ). Renilla luciferase served as the internal control. n = 3 biological replicates. h Co-expression of Rs-siRNA1.15 with its LUC-target site (ts) expressed in N. benthamiana . i The corresponding luminescence signals in ( h ). n = 3 biological replicates. In ( b , d , g and i ), the data are presented as mean ± s.d. The small dots represent the individual values. Statistical analysis was performed using a two tailed Student’s t test ( b ) or one-way ANOVA followed by two-sided Dunnett’s multiple comparisons test ( d , g , and i ). The adjusted P- values for each comparison are provided in the figure. Source data are provided as a Source Data file."
10-1038-s41467-026-72496-4__fig02_a,/ssd2/liwentao/SciFigureHub/FigureComplexityDataset_3levels_threshold_1_3_4_5_6_10/high/environment/box/10-1038-s41467-026-72496-4__fig02_a,/ssd2/liwentao/SciFigureHub/FigureComplexityDataset_3levels_threshold_1_3_4_5_6_10/high/environment/box/10-1038-s41467-026-72496-4__fig02_a/target.png,/ssd2/liwentao/SciFigureHub/FigureComplexityDataset_3levels/medium/environment/box/10-1038-s41467-026-72496-4__fig02_a/target.pdf,/ssd2/liwentao/SciFigureHub/FigureComplexityDataset_3levels_threshold_1_3_4_5_6_10/high/environment/box/10-1038-s41467-026-72496-4__fig02_a/reproduce_panel.png,/ssd2/liwentao/SciFigureHub/FigureComplexityDataset_3levels/medium/environment/box/10-1038-s41467-026-72496-4__fig02_a/reproduce_panel.pdf,/ssd2/liwentao/SciFigureHub/FigureComplexityDataset_3levels_threshold_1_3_4_5_6_10/high/environment/box/10-1038-s41467-026-72496-4__fig02_a/reproduce_panel.py,/ssd2/liwentao/SciFigureHub/FigureComplexityDataset_3levels_threshold_1_3_4_5_6_10/high/environment/box/10-1038-s41467-026-72496-4__fig02_a/description.md,/ssd2/liwentao/SciFigureHub/SciFigure2Code/audits/codex_dataset_audit_first100/10-1038-s41467-026-72496-4__fig02_a/audit.json,/ssd2/liwentao/SciFigureHub/SciFigure2Code/audits/codex_dataset_audit_first100/10-1038-s41467-026-72496-4__fig02_a/prompt.md,/ssd2/liwentao/SciFigureHub/SciFigure2Code/audits/codex_dataset_audit_first100/10-1038-s41467-026-72496-4__fig02_a/static_precheck.json,environment,environment,box,high,6,Nature Communications,10.1038/s41467-026-72496-4,,,clean,True,0.94,"No meaningful audit issue found: the code builds an editable matplotlib boxplot from explicit data arrays without image dependencies, and text remains readable.","This panel shows five colored boxplots of the frequency of INHR acquisition within a population on a log-scaled y-axis, with overlaid replicate points for the WT parental strain and four mutant strains. Four significance brackets with p-values compare the WT group against each mutant group.","LLRT strains acquired high-level INH R -conferring mutations at a high rate, with minimal fitness tradeoff. Fluctuation assay results using the frequency method ( a ) or the Ma-Sandri-Sarkar Maximum Likelihood Estimator method ( b ). Points and error bars in b represent the median and 95% confidence interval (CI), respectively. The median and upper and lower 95% CI bounds are labeled for each strain. Results are representative of two independent experiments. Fold change in INH IC 50 ( c ) and relative fitness ( d ) of INH R mutants (labeled ‘R’) and the parental strains (labeled ‘S’) from which they were derived. Relative fitness was calculated as the ratio of the AUC of each isolate with respect to the average AUC of susceptible wildtype controls after 48 hours of growth in the absence of INH. The black horizontal dashed line in c represents the upper limit of detection (LOD) for resistance, indicating ≥ 50% AUC at the maximum concentration tested relative to the strain’s untreated AUC. The red horizontal line represents the clinical breakpoint for high-level INH resistance ( ≥ 6.6× fold change in IC 50 ). In a, b , and c , box plots indicate the median (center line), 25th and 75th percentiles (bounds of box), and whiskers extending to ±1.5× the IQR; overlayed by the mean value for each biological replicate of each isolate (points). Statistical significance was evaluated using the two-sided Welch’s t-test and all p values are Bonferroni corrected for multiple testing (ns = not significant, adj. p ≥ 0.05). Source data are provided as a Source Data file."
10-1038-s41467-026-72617-z__fig05_f,/ssd2/liwentao/SciFigureHub/FigureComplexityDataset_3levels_threshold_1_3_4_5_6_10/low/environment/grouped_bar/10-1038-s41467-026-72617-z__fig05_f,/ssd2/liwentao/SciFigureHub/FigureComplexityDataset_3levels_threshold_1_3_4_5_6_10/low/environment/grouped_bar/10-1038-s41467-026-72617-z__fig05_f/target.png,/ssd2/liwentao/SciFigureHub/FigureComplexityDataset_3levels/low/environment/grouped_bar/10-1038-s41467-026-72617-z__fig05_f/target.pdf,/ssd2/liwentao/SciFigureHub/FigureComplexityDataset_3levels_threshold_1_3_4_5_6_10/low/environment/grouped_bar/10-1038-s41467-026-72617-z__fig05_f/reproduce_panel.png,/ssd2/liwentao/SciFigureHub/FigureComplexityDataset_3levels/low/environment/grouped_bar/10-1038-s41467-026-72617-z__fig05_f/reproduce_panel.pdf,/ssd2/liwentao/SciFigureHub/FigureComplexityDataset_3levels_threshold_1_3_4_5_6_10/low/environment/grouped_bar/10-1038-s41467-026-72617-z__fig05_f/reproduce_panel.py,/ssd2/liwentao/SciFigureHub/FigureComplexityDataset_3levels_threshold_1_3_4_5_6_10/low/environment/grouped_bar/10-1038-s41467-026-72617-z__fig05_f/description.md,/ssd2/liwentao/SciFigureHub/SciFigure2Code/audits/codex_dataset_audit_first100/10-1038-s41467-026-72617-z__fig05_f/audit.json,/ssd2/liwentao/SciFigureHub/SciFigure2Code/audits/codex_dataset_audit_first100/10-1038-s41467-026-72617-z__fig05_f/prompt.md,/ssd2/liwentao/SciFigureHub/SciFigure2Code/audits/codex_dataset_audit_first100/10-1038-s41467-026-72617-z__fig05_f/static_precheck.json,environment,environment,grouped_bar,low,3,Nature Communications,10.1038/s41467-026-72617-z,,,clean,True,0.95,No meaningful audit issue found: the reproduction uses editable grouped-bar plotting with explicit data arrays and has no direct image dependency or damaging text overlap.,"This panel shows a grouped bar chart of TPM gene-expression values for AnecUT841_18170 (Anec-GCD) across four sugar conditions: without sugar, fructose, sucrose, and glucose. Two gray bar series are shown for each condition, with the highest values under glucose.","pqqA expression is upregulated in the presence of sucrose and glucose. a – f Gene expression levels of PQQ biosynthetic factors and a PQQ-dependent glucose dehydrogenase, normalized by transcripts per million (TPM). The detail values are shown in Supplementary Table 3 . g Proposed working model illustrating the mechanism of pollen tube burst mediated by nectar-dwelling Acinetobacter species."
10-1038-s41467-026-72681-5__fig05_b,/ssd2/liwentao/SciFigureHub/FigureComplexityDataset_3levels_threshold_1_3_4_5_6_10/high/environment/time_series/10-1038-s41467-026-72681-5__fig05_b,/ssd2/liwentao/SciFigureHub/FigureComplexityDataset_3levels_threshold_1_3_4_5_6_10/high/environment/time_series/10-1038-s41467-026-72681-5__fig05_b/target.png,/ssd2/liwentao/SciFigureHub/FigureComplexityDataset_3levels/medium/environment/time_series/10-1038-s41467-026-72681-5__fig05_b/target.pdf,/ssd2/liwentao/SciFigureHub/FigureComplexityDataset_3levels_threshold_1_3_4_5_6_10/high/environment/time_series/10-1038-s41467-026-72681-5__fig05_b/reproduce_panel.png,/ssd2/liwentao/SciFigureHub/FigureComplexityDataset_3levels/medium/environment/time_series/10-1038-s41467-026-72681-5__fig05_b/reproduce_panel.pdf,/ssd2/liwentao/SciFigureHub/FigureComplexityDataset_3levels_threshold_1_3_4_5_6_10/high/environment/time_series/10-1038-s41467-026-72681-5__fig05_b/reproduce_panel.py,/ssd2/liwentao/SciFigureHub/FigureComplexityDataset_3levels_threshold_1_3_4_5_6_10/high/environment/time_series/10-1038-s41467-026-72681-5__fig05_b/description.md,/ssd2/liwentao/SciFigureHub/SciFigure2Code/audits/codex_dataset_audit_first100/10-1038-s41467-026-72681-5__fig05_b/audit.json,/ssd2/liwentao/SciFigureHub/SciFigure2Code/audits/codex_dataset_audit_first100/10-1038-s41467-026-72681-5__fig05_b/prompt.md,/ssd2/liwentao/SciFigureHub/SciFigure2Code/audits/codex_dataset_audit_first100/10-1038-s41467-026-72681-5__fig05_b/static_precheck.json,environment,environment,time_series,high,6,Nature Communications,10.1038/s41467-026-72681-5,,,clean,True,0.88,No meaningful benchmark-validity issue found; the reproduction is generated from synthetic time-series arrays and plotting primitives without direct image dependency or raster tracing.,This panel shows a top drought-event strip over winter 1996/97 for Germany and a lower dual-axis time series with long-duration storage state of charge in TWh and electricity demand in GW. The lower plot combines a gray storage profile with black and orange demand-related trajectories across the same period.,"Simulated drought events, electricity demand, and least-cost state-of-charge of long-duration storage in winter 1996/97 in countries with highest long-duration storage energy capacities. The top row of each panel shows the identified drought patterns lasting longer than 12 hours across all color-coded thresholds, with the most extreme drought events occurring in winter (teal boxes) or throughout the year (gray box in panel h ). The bottom row of each panel displays the associated exogenous smoothed demand profiles used in the optimization and the resulting least-cost storage state-of-charge levels for isolated countries modeled within the interconnection scenario (1), for policy-oriented interconnection levels in scenario (3), or the pan-European copperplate in scenario (4). Panel a corresponds to the pan-European copperplate scenario, b to Germany, c to Spain, d to France, e to the Netherlands, f to Poland, g to Romania, and h to the United Kingdom."
10-1038-s41467-026-72765-2__fig05_e,/ssd2/liwentao/SciFigureHub/FigureComplexityDataset_3levels_threshold_1_3_4_5_6_10/medium/materials/scatter_with_fit/10-1038-s41467-026-72765-2__fig05_e,/ssd2/liwentao/SciFigureHub/FigureComplexityDataset_3levels_threshold_1_3_4_5_6_10/medium/materials/scatter_with_fit/10-1038-s41467-026-72765-2__fig05_e/target.png,/ssd2/liwentao/SciFigureHub/FigureComplexityDataset_3levels/medium/materials/scatter_with_fit/10-1038-s41467-026-72765-2__fig05_e/target.pdf,/ssd2/liwentao/SciFigureHub/FigureComplexityDataset_3levels_threshold_1_3_4_5_6_10/medium/materials/scatter_with_fit/10-1038-s41467-026-72765-2__fig05_e/reproduce_panel.png,/ssd2/liwentao/SciFigureHub/FigureComplexityDataset_3levels/medium/materials/scatter_with_fit/10-1038-s41467-026-72765-2__fig05_e/reproduce_panel.pdf,/ssd2/liwentao/SciFigureHub/FigureComplexityDataset_3levels_threshold_1_3_4_5_6_10/medium/materials/scatter_with_fit/10-1038-s41467-026-72765-2__fig05_e/reproduce_panel.py,/ssd2/liwentao/SciFigureHub/FigureComplexityDataset_3levels_threshold_1_3_4_5_6_10/medium/materials/scatter_with_fit/10-1038-s41467-026-72765-2__fig05_e/description.md,/ssd2/liwentao/SciFigureHub/SciFigure2Code/audits/codex_dataset_audit_first100/10-1038-s41467-026-72765-2__fig05_e/audit.json,/ssd2/liwentao/SciFigureHub/SciFigure2Code/audits/codex_dataset_audit_first100/10-1038-s41467-026-72765-2__fig05_e/prompt.md,/ssd2/liwentao/SciFigureHub/SciFigure2Code/audits/codex_dataset_audit_first100/10-1038-s41467-026-72765-2__fig05_e/static_precheck.json,materials,AI_materials,scatter_with_fit,medium,5,Nature Communications,10.1038/s41467-026-72765-2,,,clean,True,0.96,No meaningful audit issues found; the reproduction uses editable matplotlib primitives and remains readable without image dependency or raster tracing.,"This panel shows peak position as a function of Cs flow rate with gray scatter observations, a smooth black fitted trend, and a cyan confidence band. The trend rises quickly to a broad plateau near 612 nm, then declines slightly at higher flow rates.","Dynamic flow experimentation studies of Cs and In-HCl precursors. a Evolving spectra of Cs and ( b ) In-HCl precursors. c Full width at half maximum (FWHM), ( d ) peak intensity and ( e ) peak position with different availability of Cs precursor. f FWHM, ( g ) peak intensity and ( h ) peak position with different availability of In-HCl precursor. The error bars indicate 95% confidence interval (CI) derived from measurement data. Source data are provided as a Source Data file."
10-1038-s41467-026-72800-2__fig05_a,/ssd2/liwentao/SciFigureHub/FigureComplexityDataset_3levels_threshold_1_3_4_5_6_10/high/environment/heatmap/10-1038-s41467-026-72800-2__fig05_a,/ssd2/liwentao/SciFigureHub/FigureComplexityDataset_3levels_threshold_1_3_4_5_6_10/high/environment/heatmap/10-1038-s41467-026-72800-2__fig05_a/target.png,/ssd2/liwentao/SciFigureHub/FigureComplexityDataset_3levels/medium/environment/heatmap/10-1038-s41467-026-72800-2__fig05_a/target.pdf,/ssd2/liwentao/SciFigureHub/FigureComplexityDataset_3levels_threshold_1_3_4_5_6_10/high/environment/heatmap/10-1038-s41467-026-72800-2__fig05_a/reproduce_panel.png,/ssd2/liwentao/SciFigureHub/FigureComplexityDataset_3levels/medium/environment/heatmap/10-1038-s41467-026-72800-2__fig05_a/reproduce_panel.pdf,/ssd2/liwentao/SciFigureHub/FigureComplexityDataset_3levels_threshold_1_3_4_5_6_10/high/environment/heatmap/10-1038-s41467-026-72800-2__fig05_a/reproduce_panel.py,/ssd2/liwentao/SciFigureHub/FigureComplexityDataset_3levels_threshold_1_3_4_5_6_10/high/environment/heatmap/10-1038-s41467-026-72800-2__fig05_a/description.md,/ssd2/liwentao/SciFigureHub/SciFigure2Code/audits/codex_dataset_audit_first100/10-1038-s41467-026-72800-2__fig05_a/audit.json,/ssd2/liwentao/SciFigureHub/SciFigure2Code/audits/codex_dataset_audit_first100/10-1038-s41467-026-72800-2__fig05_a/prompt.md,/ssd2/liwentao/SciFigureHub/SciFigure2Code/audits/codex_dataset_audit_first100/10-1038-s41467-026-72800-2__fig05_a/static_precheck.json,environment,environment,heatmap,high,6,Nature Communications,10.1038/s41467-026-72800-2,,,clean,True,0.94,"No meaningful audit issues found; the reproduction uses explicit heatmap and stage data arrays, has no original-image dependency, and labels remain readable.","This panel shows a two-column heatmap of DKC1 and SGPP2 levels across 17 colorectal cancer specimens, with a left-side tumor-stage strip and separate legends for tumor stage and log2 fold change relative to adjacent normal tissue.","DKC1 confers oncogenicity by positively regulating SGPP2 in colorectal cancer. a Heatmap depicting DKC1 and SGPP2 levels in Indian CRC specimens ( N = 49). b Immunohistochemical staining of DKC1 and SGPP2 in CRC specimens ( N = 75); scale bar is 100 μm (whole section), and inset 40 μm (inset). c Contingency analysis for the same as in ( b ). d Bar plot showing quantification of DKC1 and SGPP2, as in ( b ). e Immunofluorescence staining for SGPP2 in tumor ( N = 6) and adjacent normal ( N = 5) tissues of Indian CRC patients. Scale bar represents 5 μm. f Same as ( e ), except bar plot depicting quantification. g Transcript (bottom) and protein (top) levels of SGPP2 upon DKC1 knockdown in SW620 cells. h Immunoprecipitation for DKC1 showing interaction with SOX2 using SW620 cells. i ChIP-PCR data for SOX2 binding on SGPP2 promoter using shSCRM and sh DKC1 SW620 cells. j Relative cell proliferation using SGPP2 knockdown SW620 cells at the indicated time points. k Same as ( j ), except representative images for foci formation assay (top) and data quantification (bottom). Scale bar represents 0.5 mm. l Same as ( j ), except using stable isogenic SW620 cells; control shSCRM and sh DKC1 stably transfected with vector backbone (EV), and sh DKC1 with ectopic expression of SGPP2 . m Same as ( k ), except using cells as in ( l ). n Bar plot showing S1P levels using same cells as in ( i ). o Transcript expression of CD44 using the same cells as in ( j ). p Same as ( o ), except CTNNB1 expression in the same cells as in ( l ). q Same as ( o ), except using DKC1 -silenced; SGPP2- rescued SW620 cells versus control. r Same as ( p ), except immunoblot for protein levels in nuclear and cytoplasmic fractionations. Lamin A was immunoblotted separately as a nuclear loading control. For panels, ( c ) Two-tailed Fisher’s exact test for contingency analysis was used; ( d ) Two-sided Chi square test for comparison of frequencies was used for both panels; ( f ) Paired two-tailed t test was used; ( g , i , m , n , and q ) Unpaired Student’s two-tailed t test was used; ( j , l ) Two-way ANOVA, Dunnett’s multiple comparisons test was used; ( k , o , and p ) One-way ANOVA, Dunnett’s multiple comparisons test was used. Data shown in the panels ( 5a , f – r ) are from one representative experiment out of three independent replicates with similar results; each experiment includes 3 biological replicates per group. Data expressed as mean ± SEM. Source data are provided as a Source Data file."
10-1038-s41467-026-72800-2__fig05_p,/ssd2/liwentao/SciFigureHub/FigureComplexityDataset_3levels_threshold_1_3_4_5_6_10/medium/environment/bar/10-1038-s41467-026-72800-2__fig05_p,/ssd2/liwentao/SciFigureHub/FigureComplexityDataset_3levels_threshold_1_3_4_5_6_10/medium/environment/bar/10-1038-s41467-026-72800-2__fig05_p/target.png,/ssd2/liwentao/SciFigureHub/FigureComplexityDataset_3levels/medium/environment/bar/10-1038-s41467-026-72800-2__fig05_p/target.pdf,/ssd2/liwentao/SciFigureHub/FigureComplexityDataset_3levels_threshold_1_3_4_5_6_10/medium/environment/bar/10-1038-s41467-026-72800-2__fig05_p/reproduce_panel.png,/ssd2/liwentao/SciFigureHub/FigureComplexityDataset_3levels/medium/environment/bar/10-1038-s41467-026-72800-2__fig05_p/reproduce_panel.pdf,/ssd2/liwentao/SciFigureHub/FigureComplexityDataset_3levels_threshold_1_3_4_5_6_10/medium/environment/bar/10-1038-s41467-026-72800-2__fig05_p/reproduce_panel.py,/ssd2/liwentao/SciFigureHub/FigureComplexityDataset_3levels_threshold_1_3_4_5_6_10/medium/environment/bar/10-1038-s41467-026-72800-2__fig05_p/description.md,/ssd2/liwentao/SciFigureHub/SciFigure2Code/audits/codex_dataset_audit_first100/10-1038-s41467-026-72800-2__fig05_p/audit.json,/ssd2/liwentao/SciFigureHub/SciFigure2Code/audits/codex_dataset_audit_first100/10-1038-s41467-026-72800-2__fig05_p/prompt.md,/ssd2/liwentao/SciFigureHub/SciFigure2Code/audits/codex_dataset_audit_first100/10-1038-s41467-026-72800-2__fig05_p/static_precheck.json,environment,environment,bar,medium,4,Nature Communications,10.1038/s41467-026-72800-2,,,clean,True,0.95,No benchmark-validity issues found; the reproduction is an editable Matplotlib bar chart with readable labels and no direct image dependency.,"This panel shows CTNNB1/GAPDH expression as a three-bar comparison across shSCRM + EV, shDKC1 + EV, and shDKC1 + SGPP2 conditions. Two vertical p-value annotations and small top error bars mark statistically significant differences.","DKC1 confers oncogenicity by positively regulating SGPP2 in colorectal cancer. a Heatmap depicting DKC1 and SGPP2 levels in Indian CRC specimens ( N = 49). b Immunohistochemical staining of DKC1 and SGPP2 in CRC specimens ( N = 75); scale bar is 100 μm (whole section), and inset 40 μm (inset). c Contingency analysis for the same as in ( b ). d Bar plot showing quantification of DKC1 and SGPP2, as in ( b ). e Immunofluorescence staining for SGPP2 in tumor ( N = 6) and adjacent normal ( N = 5) tissues of Indian CRC patients. Scale bar represents 5 μm. f Same as ( e ), except bar plot depicting quantification. g Transcript (bottom) and protein (top) levels of SGPP2 upon DKC1 knockdown in SW620 cells. h Immunoprecipitation for DKC1 showing interaction with SOX2 using SW620 cells. i ChIP-PCR data for SOX2 binding on SGPP2 promoter using shSCRM and sh DKC1 SW620 cells. j Relative cell proliferation using SGPP2 knockdown SW620 cells at the indicated time points. k Same as ( j ), except representative images for foci formation assay (top) and data quantification (bottom). Scale bar represents 0.5 mm. l Same as ( j ), except using stable isogenic SW620 cells; control shSCRM and sh DKC1 stably transfected with vector backbone (EV), and sh DKC1 with ectopic expression of SGPP2 . m Same as ( k ), except using cells as in ( l ). n Bar plot showing S1P levels using same cells as in ( i ). o Transcript expression of CD44 using the same cells as in ( j ). p Same as ( o ), except CTNNB1 expression in the same cells as in ( l ). q Same as ( o ), except using DKC1 -silenced; SGPP2- rescued SW620 cells versus control. r Same as ( p ), except immunoblot for protein levels in nuclear and cytoplasmic fractionations. Lamin A was immunoblotted separately as a nuclear loading control. For panels, ( c ) Two-tailed Fisher’s exact test for contingency analysis was used; ( d ) Two-sided Chi square test for comparison of frequencies was used for both panels; ( f ) Paired two-tailed t test was used; ( g , i , m , n , and q ) Unpaired Student’s two-tailed t test was used; ( j , l ) Two-way ANOVA, Dunnett’s multiple comparisons test was used; ( k , o , and p ) One-way ANOVA, Dunnett’s multiple comparisons test was used. Data shown in the panels ( 5a , f – r ) are from one representative experiment out of three independent replicates with similar results; each experiment includes 3 biological replicates per group. Data expressed as mean ± SEM. Source data are provided as a Source Data file."
10-1038-s41467-026-73309-4__fig01_b,/ssd2/liwentao/SciFigureHub/FigureComplexityDataset_3levels_threshold_1_3_4_5_6_10/low/environment/umap_tsne_pca/10-1038-s41467-026-73309-4__fig01_b,/ssd2/liwentao/SciFigureHub/FigureComplexityDataset_3levels_threshold_1_3_4_5_6_10/low/environment/umap_tsne_pca/10-1038-s41467-026-73309-4__fig01_b/target.png,/ssd2/liwentao/SciFigureHub/FigureComplexityDataset_3levels/low/environment/umap_tsne_pca/10-1038-s41467-026-73309-4__fig01_b/target.pdf,/ssd2/liwentao/SciFigureHub/FigureComplexityDataset_3levels_threshold_1_3_4_5_6_10/low/environment/umap_tsne_pca/10-1038-s41467-026-73309-4__fig01_b/reproduce_panel.png,/ssd2/liwentao/SciFigureHub/FigureComplexityDataset_3levels/low/environment/umap_tsne_pca/10-1038-s41467-026-73309-4__fig01_b/reproduce_panel.pdf,/ssd2/liwentao/SciFigureHub/FigureComplexityDataset_3levels_threshold_1_3_4_5_6_10/low/environment/umap_tsne_pca/10-1038-s41467-026-73309-4__fig01_b/reproduce_panel.py,/ssd2/liwentao/SciFigureHub/FigureComplexityDataset_3levels_threshold_1_3_4_5_6_10/low/environment/umap_tsne_pca/10-1038-s41467-026-73309-4__fig01_b/description.md,/ssd2/liwentao/SciFigureHub/SciFigure2Code/audits/codex_dataset_audit_first100/10-1038-s41467-026-73309-4__fig01_b/audit.json,/ssd2/liwentao/SciFigureHub/SciFigure2Code/audits/codex_dataset_audit_first100/10-1038-s41467-026-73309-4__fig01_b/prompt.md,/ssd2/liwentao/SciFigureHub/SciFigure2Code/audits/codex_dataset_audit_first100/10-1038-s41467-026-73309-4__fig01_b/static_precheck.json,environment,environment,umap_tsne_pca,low,3,Nature Communications,10.1038/s41467-026-73309-4,,,clean,True,0.93,"No meaningful audit issues found; the reproduction uses editable Matplotlib scatter points, ellipses, axes, and legend without loading or tracing source imagery.",This panel shows a PCoA scatter plot comparing fecal microbial community similarity between Facility A and Facility B mice. Two colored point clusters with outline ellipses are plotted on PC1 and PC2 axes with a small in-panel legend.,"Hepatic SNHG9 alleviates APAP-induced liver injury. A Shannon index calculated from bacterial 16S rRNA gene sequences of fecal samples collected from mice housed in Facility A or Facility B. The center line represents the median, the box limits indicate the 25th and 75th percentiles, and the whiskers extend to the maximum and minimum values. n = 6 per group. B Principal Coordinate Analysis (PCoA) illustrating microbial community similarity in fecal samples from mice housed in Facility A or Facility B. n = 6 per group. C qPCR of hepatic Snhg9 expression in mice housed in Facility A or Facility B. n = 6 per group. D qPCR of hepatic Snhg9 expression in mice housed in Facility A and Facility B at the indicated time points following APAP treatment. n = 5 per group. E , F Serum ALT and AST concentrations in STOP fl/fl - SNHG9 and SNHG9 liver-KI mice that were untreated or treated with APAP for 24 h. n = 5 per group. G Representative H&E, IHC (F4/80 + for macrophages, Ly6G + for neutrophils), and TUNEL-stained images of liver tissues from STOP fl/fl - SNHG9 and SNHG9 liver-KI mice that were untreated or treated with APAP for 24 h. Necrotic areas are outlined with dashed lines. Arrowheads indicate apoptotic cells. n = 5 per group. H – J Serum levels of inflammatory cytokines TNF-α, IL-6, and IL-1β in STOP fl/fl - SNHG9 and SNHG9 liver-KI mice that were untreated or treated with APAP for 24 h. n = 5 per group. K Representative FISH staining of SNHG9 in paraffin-embedded biopsy samples from DILI patients and healthy controls. Negative controls were stained with a scrambled probe. The histogram quantifies the percentage of SNHG9 -positive areas for comparison. n = 8 per group. Scale bars, 100 μm. Data are represented as mean ± SEM. Statistical significance was determined by a two-tailed unpaired t -test, two-way ANOVA with Šídák’s or Tukey’s multiple comparisons tests. Source data are provided in the Source Data file."
10-1038-s41477-026-02270-3__fig04_f,/ssd2/liwentao/SciFigureHub/FigureComplexityDataset_3levels_threshold_1_3_4_5_6_10/low/environment/scatter/10-1038-s41477-026-02270-3__fig04_f,/ssd2/liwentao/SciFigureHub/FigureComplexityDataset_3levels_threshold_1_3_4_5_6_10/low/environment/scatter/10-1038-s41477-026-02270-3__fig04_f/target.png,/ssd2/liwentao/SciFigureHub/FigureComplexityDataset_3levels/low/environment/scatter/10-1038-s41477-026-02270-3__fig04_f/target.pdf,/ssd2/liwentao/SciFigureHub/FigureComplexityDataset_3levels_threshold_1_3_4_5_6_10/low/environment/scatter/10-1038-s41477-026-02270-3__fig04_f/reproduce_panel.png,/ssd2/liwentao/SciFigureHub/FigureComplexityDataset_3levels/low/environment/scatter/10-1038-s41477-026-02270-3__fig04_f/reproduce_panel.pdf,/ssd2/liwentao/SciFigureHub/FigureComplexityDataset_3levels_threshold_1_3_4_5_6_10/low/environment/scatter/10-1038-s41477-026-02270-3__fig04_f/reproduce_panel.py,/ssd2/liwentao/SciFigureHub/FigureComplexityDataset_3levels_threshold_1_3_4_5_6_10/low/environment/scatter/10-1038-s41477-026-02270-3__fig04_f/description.md,/ssd2/liwentao/SciFigureHub/SciFigure2Code/audits/codex_dataset_audit_first100/10-1038-s41477-026-02270-3__fig04_f/audit.json,/ssd2/liwentao/SciFigureHub/SciFigure2Code/audits/codex_dataset_audit_first100/10-1038-s41477-026-02270-3__fig04_f/prompt.md,/ssd2/liwentao/SciFigureHub/SciFigure2Code/audits/codex_dataset_audit_first100/10-1038-s41477-026-02270-3__fig04_f/static_precheck.json,environment,environment,scatter,low,3,Nature Plants,10.1038/s41477-026-02270-3,,,clean,True,0.95,No meaningful audit issues found; the reproduction uses editable scatter/error-bar primitives with explicit data arrays and has readable labels and annotations.,"Flipper-TR lifetime scatter plot comparing protoplasts under control, DMSO, osmotic control, and Srf treatment conditions. The panel shows mean and spread with p-value annotations for membrane tension changes.","Srf causes PM remodelling. a , SLD profiles of supported PLPC–Sito–GluCer membranes before and after Srf addition (95:5 membrane:Srf molar ratio; 0.24 μM). A schematic linking SLD profiles and specific zones in the membrane is shown at the top. b , SAXS intensity profile of PLPC–Sito–GluCer LUVs before and after Srf incubation (95:5 molar ratio). c , SLD profiles obtained from SAXS. d , Global membrane rigidity measured by Laurdan GP upon the addition of Srf (10 μM) or not, in protoplasts from Col-0 roots. The data are shown as mean ± s.d.; n is indicated for each treatment, and the P value was obtained from a two-tailed t -test. e , f , Membrane tension sensing in protoplasts in isosmotic buffer (control) or treated with Srf, DMSO 0.1% or osmotic controls (hyperosmotic for low tension and hyposmotic for high tension) via fluorescence lifetime imaging (FLIM) of Flipper-TR-stained protoplasts. With this probe, some intracellular membranes can also be stained, but Srf is not expected to cross the PM, and it is thus assumed that the increase in Flipper-TR lifetime primarily reflects higher PM tension. e shows confocal images of protoplasts. Scale bars, 10 µm. f shows average Flipper-TR lifetimes (mean ± s.d.) in protoplasts (one symbol indicates one cell; n is indicated). The P values were derived from one-way ANOVA with Tukey’s post-test. g , h , Membrane tension sensing in Arabidopsis root epidermal cells treated with Srf (10 µM) or mock (EtOH 0.1%) via FLIM of N + -BODIPY-stained roots. g shows confocal images. Scale bars, 20 µm. h shows lifetime ( τ 1 ) quantification of N + -BODIPY at the PM in root cells; n roots were used as indicated coming from three independent experiments (one to three cells per root examined). The box plots show the median and quartiles; the whiskers indicate the range. The P value is from a two-tailed Mann–Whitney test. i , Global membrane rigidity via Laurdan GP measurements in Col-0 and loh1 root protoplasts treated with mock (DMSO 0.1%) or Srf (10 μM). Mean ± s.d. of n replicates is shown, coming from eight and six experiments, respectively. The letters indicate significantly different groups ( P < 0.05, two-way ANOVA with Tukey’s post-test). j , k , Membrane surface rigidity measured by GP imaging of C-Laurdan-labelled GUVs exposed to increasing Srf concentrations. j shows the average C-Laurdan GP (mean ± s.d.) per GUV (one symbol indicates one GUV); the total n per treatment is indicated. The P values are from one-way ANOVA with Tukey’s post-test. k shows associated confocal images. Scale bars, 5 µm. Source data"
10-1038-s41556-025-01867-8__fig04_i,/ssd2/liwentao/SciFigureHub/FigureComplexityDataset_3levels_threshold_1_3_4_5_6_10/low/geography/scatter/10-1038-s41556-025-01867-8__fig04_i,/ssd2/liwentao/SciFigureHub/FigureComplexityDataset_3levels_threshold_1_3_4_5_6_10/low/geography/scatter/10-1038-s41556-025-01867-8__fig04_i/target.png,/ssd2/liwentao/SciFigureHub/FigureComplexityDataset_3levels/low/geography/scatter/10-1038-s41556-025-01867-8__fig04_i/target.pdf,/ssd2/liwentao/SciFigureHub/FigureComplexityDataset_3levels_threshold_1_3_4_5_6_10/low/geography/scatter/10-1038-s41556-025-01867-8__fig04_i/reproduce_panel.png,/ssd2/liwentao/SciFigureHub/FigureComplexityDataset_3levels/low/geography/scatter/10-1038-s41556-025-01867-8__fig04_i/reproduce_panel.pdf,/ssd2/liwentao/SciFigureHub/FigureComplexityDataset_3levels_threshold_1_3_4_5_6_10/low/geography/scatter/10-1038-s41556-025-01867-8__fig04_i/reproduce_panel.py,/ssd2/liwentao/SciFigureHub/FigureComplexityDataset_3levels_threshold_1_3_4_5_6_10/low/geography/scatter/10-1038-s41556-025-01867-8__fig04_i/description.md,/ssd2/liwentao/SciFigureHub/SciFigure2Code/audits/codex_dataset_audit_first100/10-1038-s41556-025-01867-8__fig04_i/audit.json,/ssd2/liwentao/SciFigureHub/SciFigure2Code/audits/codex_dataset_audit_first100/10-1038-s41556-025-01867-8__fig04_i/prompt.md,/ssd2/liwentao/SciFigureHub/SciFigure2Code/audits/codex_dataset_audit_first100/10-1038-s41556-025-01867-8__fig04_i/static_precheck.json,geography,geography,scatter,low,3,Nature Cell Biology,10.1038/s41556-025-01867-8,,,clean,True,0.94,"No meaningful audit issue found; the code reconstructs an editable scatter plot with explicit point arrays, annotations, axes, and a procedural two-region background rather than tracing or editing the source image.","This panel shows a 2D scatter of sequences without the EM, using binding score on the x-axis and charge score on the y-axis to separate viable blue points from inviable red points. A dashed diagonal boundary and labels for Pho4, Gal4, and IDR2 mark the landscape.","IDR2-mediated interactions can be understood via a 2D binding landscape. a , IDR-mediated interactions can be understood in terms of motif binding and context binding. b , Motif and context binding can be projected onto a simple 2D binding surface. Numbers represent identifiers to describe different types of mutations that modulate context (1→2) or motifs (1→3). c , The EM is a true motif; it cannot be shuffled or distributed (distr.). d , Variants can be interpreted through the 2D binding landscape. e , The sub-sequences identified in Fig. 3m conferred viability if distributed in FUS 1 −163 12E and Sup35 contexts, with minimal change to growth phenotypes compared with the non-distributed motifs. Two independent Gal4 G4 distribution variants were tested to exclude the possibility that a new motif was generated by chance. f , Rational de novo design of a functional context-only IDR based on FUS 1 −163 12E. g , Gal4 G4 rescued viability when added to the FUS 1 −163 12E context, and the residue order or relative positions of the Gal4 G4 residues did not affect this effect. The composition of acidic residues tuned the growth phenotypes in both a FUS 1−163 12E context (top, shaded blue) and a Sup35 context (bottom, shaded orange). The patterning of aromatic residues also tunes the growth phenotype in a FUS 1−163 12E context. h , Abf1 G4 rescued function in the FUS 1 −163 12E context, but did not tolerate distribution, suggesting that this region is a motif. i , For the 68 sequences that lacked the EM, viable (blue) and inviable sequences (red) could be delineated based on the charge score and binding score. The numerical values are based on the weighted sequence composition. j , Global shuffles of the Gal4 768–881 construct revealed a variety of functional consequences. k , Although Pho4 1–249 supported viability, global and segmental (seg.) shuffle constructs were inviable, suggesting that Pho4 1–249 harbours a motif."
10-1038-s41557-026-02098-6__fig03_f,/ssd2/liwentao/SciFigureHub/FigureComplexityDataset_3levels_threshold_1_3_4_5_6_10/low/environment/time_series/10-1038-s41557-026-02098-6__fig03_f,/ssd2/liwentao/SciFigureHub/FigureComplexityDataset_3levels_threshold_1_3_4_5_6_10/low/environment/time_series/10-1038-s41557-026-02098-6__fig03_f/target.png,/ssd2/liwentao/SciFigureHub/FigureComplexityDataset_3levels/low/environment/time_series/10-1038-s41557-026-02098-6__fig03_f/target.pdf,/ssd2/liwentao/SciFigureHub/FigureComplexityDataset_3levels_threshold_1_3_4_5_6_10/low/environment/time_series/10-1038-s41557-026-02098-6__fig03_f/reproduce_panel.png,/ssd2/liwentao/SciFigureHub/FigureComplexityDataset_3levels/low/environment/time_series/10-1038-s41557-026-02098-6__fig03_f/reproduce_panel.pdf,/ssd2/liwentao/SciFigureHub/FigureComplexityDataset_3levels_threshold_1_3_4_5_6_10/low/environment/time_series/10-1038-s41557-026-02098-6__fig03_f/reproduce_panel.py,/ssd2/liwentao/SciFigureHub/FigureComplexityDataset_3levels_threshold_1_3_4_5_6_10/low/environment/time_series/10-1038-s41557-026-02098-6__fig03_f/description.md,/ssd2/liwentao/SciFigureHub/SciFigure2Code/audits/codex_dataset_audit_first100/10-1038-s41557-026-02098-6__fig03_f/audit.json,/ssd2/liwentao/SciFigureHub/SciFigure2Code/audits/codex_dataset_audit_first100/10-1038-s41557-026-02098-6__fig03_f/prompt.md,/ssd2/liwentao/SciFigureHub/SciFigure2Code/audits/codex_dataset_audit_first100/10-1038-s41557-026-02098-6__fig03_f/static_precheck.json,environment,environment,time_series,low,3,Nature Chemistry,10.1038/s41557-026-02098-6,,,clean,True,0.95,No meaningful audit issue found; the code builds an editable time-series plot from numeric arrays and standard Matplotlib primitives without image dependency.,"This panel shows concentrations versus time for PO and PPC, comparing experimental and model values across a 0-9,000 s reaction profile. It includes a dashed reference line and an in-panel rate-law annotation for the 5 bar CO2 condition.","Kinetic analysis conducted using catalyst 2. a , Structure of catalyst 2 . b , In situ infrared spectrum, showing the peaks corresponding to PPC (1,750 cm −1 ). c , Exemplar semi-logarithmic plot of [PO]/[PO] 0 versus time, where the rate constant, k obs , is the slope of the graph, using the rate data for the polymerization at 25 bar CO 2 . It has previously been shown that values for such initial rates compare very well with integrated rates determined over wider conversion ranges (20–80%) 51 . d , Experimentally determined rates ( k obs ) versus P (CO 2 ). All rate constants were determined as the average of n = 2 independent runs, with errors indicated as ± the standard error from the mean, typically falling ±10%. k max is the maximum polymerization rate constant, determined as the mean of the k obs values in the CO 2 pressure independent regime. e , Plot of ln( k obs ) versus ln( P (CO 2 )) showing a gradient of 0.97. All ln( k obs ) values were determined from k obs values obtained as the average of n = 2 independent runs, with errors indicated as ± the standard error from the mean. f , Concentration versus time plot showing the excellent agreement between the experimental data and data generated using the rate law and modelled using COPASI software (Supplementary Fig. 34 and Supplementary Tables 3 – 6 ). Source data"
10-1038-s41562-025-02399-9__fig04_c,/ssd2/liwentao/SciFigureHub/FigureComplexityDataset_3levels_threshold_1_3_4_5_6_10/medium/geography/histogram/10-1038-s41562-025-02399-9__fig04_c,/ssd2/liwentao/SciFigureHub/FigureComplexityDataset_3levels_threshold_1_3_4_5_6_10/medium/geography/histogram/10-1038-s41562-025-02399-9__fig04_c/target.png,/ssd2/liwentao/SciFigureHub/FigureComplexityDataset_3levels/medium/geography/histogram/10-1038-s41562-025-02399-9__fig04_c/target.pdf,/ssd2/liwentao/SciFigureHub/FigureComplexityDataset_3levels_threshold_1_3_4_5_6_10/medium/geography/histogram/10-1038-s41562-025-02399-9__fig04_c/reproduce_panel.png,/ssd2/liwentao/SciFigureHub/FigureComplexityDataset_3levels/medium/geography/histogram/10-1038-s41562-025-02399-9__fig04_c/reproduce_panel.pdf,/ssd2/liwentao/SciFigureHub/FigureComplexityDataset_3levels_threshold_1_3_4_5_6_10/medium/geography/histogram/10-1038-s41562-025-02399-9__fig04_c/reproduce_panel.py,/ssd2/liwentao/SciFigureHub/FigureComplexityDataset_3levels_threshold_1_3_4_5_6_10/medium/geography/histogram/10-1038-s41562-025-02399-9__fig04_c/description.md,/ssd2/liwentao/SciFigureHub/SciFigure2Code/audits/codex_dataset_audit_first100/10-1038-s41562-025-02399-9__fig04_c/audit.json,/ssd2/liwentao/SciFigureHub/SciFigure2Code/audits/codex_dataset_audit_first100/10-1038-s41562-025-02399-9__fig04_c/prompt.md,/ssd2/liwentao/SciFigureHub/SciFigure2Code/audits/codex_dataset_audit_first100/10-1038-s41562-025-02399-9__fig04_c/static_precheck.json,geography,geography,histogram,medium,5.0,Nature Human Behaviour,10.1038/s41562-025-02399-9,,,clean,True,0.93,"No meaningful audit issue found; the reproduction is an editable matplotlib histogram with explicit bar heights and analytical curves, with no target/source image dependency.","This panel shows a log-scale histogram of shared IBD segment lengths for non-closely related Gomolava individuals, with red bars for the observed distribution and three dashed expectation curves for different effective population sizes. It also includes upper-left `N_e` annotations and axis labels for segment length and average number of IBD segments per pair.","Genetic relatedness of the Gomolava individuals. a , IBSrelate results. The lines show theoretically derived ranges of the joint expectation for each relationship. The circles show values for each pair of the analysed individuals. Inset: a single pedigree of a mother and her two daughters identified among the assemblage. b , Distribution of the sum of pairwise IBD sharing >12 cM for Gomolava and three previously published prehistoric mass graves (Koszyce, Potočani and Asparn-Schletz) 29 , 30 , 31 . Box plots show the median (centre line), interquartile range (box) and values within 1.5× the interquartile range (whiskers); points indicate individual data values, with outliers plotted beyond the whiskers. c , IBD sharing profile for non-closely related individuals in Gomolava. The plot shows a very close fit between the observed IBD sharing distribution (red bars) and the expected IBD sharing profile under a constant effective population size (dashed black line)."
10-1038-s41564-025-02241-y__fig05_f,/ssd2/liwentao/SciFigureHub/FigureComplexityDataset_3levels_threshold_1_3_4_5_6_10/medium/biology/violin/10-1038-s41564-025-02241-y__fig05_f,/ssd2/liwentao/SciFigureHub/FigureComplexityDataset_3levels_threshold_1_3_4_5_6_10/medium/biology/violin/10-1038-s41564-025-02241-y__fig05_f/target.png,/ssd2/liwentao/SciFigureHub/FigureComplexityDataset_3levels/medium/biology/violin/10-1038-s41564-025-02241-y__fig05_f/target.pdf,/ssd2/liwentao/SciFigureHub/FigureComplexityDataset_3levels_threshold_1_3_4_5_6_10/medium/biology/violin/10-1038-s41564-025-02241-y__fig05_f/reproduce_panel.png,/ssd2/liwentao/SciFigureHub/FigureComplexityDataset_3levels/medium/biology/violin/10-1038-s41564-025-02241-y__fig05_f/reproduce_panel.pdf,/ssd2/liwentao/SciFigureHub/FigureComplexityDataset_3levels_threshold_1_3_4_5_6_10/medium/biology/violin/10-1038-s41564-025-02241-y__fig05_f/reproduce_panel.py,/ssd2/liwentao/SciFigureHub/FigureComplexityDataset_3levels_threshold_1_3_4_5_6_10/medium/biology/violin/10-1038-s41564-025-02241-y__fig05_f/description.md,/ssd2/liwentao/SciFigureHub/SciFigure2Code/audits/codex_dataset_audit_first100/10-1038-s41564-025-02241-y__fig05_f/audit.json,/ssd2/liwentao/SciFigureHub/SciFigure2Code/audits/codex_dataset_audit_first100/10-1038-s41564-025-02241-y__fig05_f/prompt.md,/ssd2/liwentao/SciFigureHub/SciFigure2Code/audits/codex_dataset_audit_first100/10-1038-s41564-025-02241-y__fig05_f/static_precheck.json,biology,AI_biology,violin,medium,4,Nature Microbiology,10.1038/s41564-025-02241-y,,,clean,True,0.93,"No meaningful QC issue found; the code constructs editable matplotlib violin shapes and annotations without loading or tracing the target image, and the rendered text remains readable.","This panel shows violin plots of effector prevalence percentages across Crohn's disease, healthy, and ulcerative colitis cohorts, with pairwise significance brackets above the groups. A compact legend identifies the disease-condition colors.","Effector impact on human cell function and clinical prevalence in IBDs. a , Relative NF-κB transcription reporter activity in HEK293 cells expressing the indicated effectors at baseline conditions (no TNF) (Kruskal–Wallis test with Dunn’s post hoc comparisons, * P < 0.05, ** P < 0.01; n = 4 biological replicates). Boxes represent IQR, black line indicates the mean, whiskers indicate highest and lowest data point within 1.5× IQR. b , Summary of significant influence of effectors on normalized NF-κB transcriptional reporter activity at baseline conditions (−TNF) and after TNF stimulation (+TNF) (Kruskal–Wallis test with Dunn’s post hoc comparisons, * P < 0.05, ** P < 0.01; n = 4 biological replicates). c , d , Concentration of cytokines secreted by Caco-2 cells transfected with indicated effectors at basal conditions (unstim) or after stimulation with a proinflammatory cocktail (stim) ( c ) or with Pam3CSK4 ( d ). EV, empty vector mock control. Numbers above brackets indicate P values calculated by Kruskal–Wallis test with Dunn’s post hoc comparisons; n = 3 ( c ) and n = 5 ( d ) biological replicates. Boxes represent IQR, black line indicates the mean, circles indicate individual data points. e , Radial barplot showing fold change in prevalence of 122 bacterial effectors in metagenomes of individuals with Crohn’s disease (CD; n = 504 patient samples, orange) or ulcerative colitis (UC; n = 302 patient samples, purple) relative to healthy controls ( n = 334 samples). Fold changes were calculated using pseudo-counts from healthy controls (Supplementary Data 26 ). Labels indicate effectors with significant prevalence in either Crohn’s disease or ulcerative colitis (FDR < 0.01, Fisher’s exact test with BH correction). Black asterisks mark statistical significance for individual bars. f , Prevalence of indicated effectors in metagenomes of individuals with Crohn’s disease ( n = 504) and ulcerative colitis ( n = 302) compared to healthy controls (FDR < 0.01, two-sided Fisher’s exact test, BH correction). g , HuMMI subnetworks showing human proteins (grey) associated with Crohn’s disease (orange border) or ulcerative colitis (purple border) interacting with effectors (coloured nodes) from strains enriched and depleted in patient metagenomes. Effector colours indicated in legend. Edges represent protein–protein interactions in HuMMI."
10-1038-s41564-026-02299-2__fig03_c,/ssd2/liwentao/SciFigureHub/FigureComplexityDataset_3levels_threshold_1_3_4_5_6_10/low/environment/dose_response/10-1038-s41564-026-02299-2__fig03_c,/ssd2/liwentao/SciFigureHub/FigureComplexityDataset_3levels_threshold_1_3_4_5_6_10/low/environment/dose_response/10-1038-s41564-026-02299-2__fig03_c/target.png,/ssd2/liwentao/SciFigureHub/FigureComplexityDataset_3levels/low/environment/dose_response/10-1038-s41564-026-02299-2__fig03_c/target.pdf,/ssd2/liwentao/SciFigureHub/FigureComplexityDataset_3levels_threshold_1_3_4_5_6_10/low/environment/dose_response/10-1038-s41564-026-02299-2__fig03_c/reproduce_panel.png,/ssd2/liwentao/SciFigureHub/FigureComplexityDataset_3levels/low/environment/dose_response/10-1038-s41564-026-02299-2__fig03_c/reproduce_panel.pdf,/ssd2/liwentao/SciFigureHub/FigureComplexityDataset_3levels_threshold_1_3_4_5_6_10/low/environment/dose_response/10-1038-s41564-026-02299-2__fig03_c/reproduce_panel.py,/ssd2/liwentao/SciFigureHub/FigureComplexityDataset_3levels_threshold_1_3_4_5_6_10/low/environment/dose_response/10-1038-s41564-026-02299-2__fig03_c/description.md,/ssd2/liwentao/SciFigureHub/SciFigure2Code/audits/codex_dataset_audit_first100/10-1038-s41564-026-02299-2__fig03_c/audit.json,/ssd2/liwentao/SciFigureHub/SciFigure2Code/audits/codex_dataset_audit_first100/10-1038-s41564-026-02299-2__fig03_c/prompt.md,/ssd2/liwentao/SciFigureHub/SciFigure2Code/audits/codex_dataset_audit_first100/10-1038-s41564-026-02299-2__fig03_c/static_precheck.json,environment,environment,dose_response,low,2,Nature Microbiology,10.1038/s41564-026-02299-2,,,clean,True,0.95,The reproduction is a normal editable matplotlib dose-response plot with readable labels and no image dependency or raster-tracing behavior.,"This panel shows a dose-response growth plot for three B. thetaiotaomicron strains across increasing tolcapone concentrations, with wild type, a partial feoAB deletion mutant, and a complemented strain distinguished by color and marker shape. Growth is plotted as a percentage with a dashed 50% reference line and a legend above the chart.","Intracellular iron sensitizes bacteria to tolcapone bactericidal effects. a , Directed evolution of B. thetaiotaomicron increases tolcapone resistance. Growth is normalized to each strain grown without treatment. BT01 and BT02 are tolcapone-evolved isolates; BT05 and BT06 are DMSO-evolved isolates ( Methods and Supplementary Table 14 ). b , FeoAB gene annotation. GFeoB, FeoB-type guanine nucleotide-binding (G) domain; FeoB cyto, FeoB cytosolic helical domain. c , Partial deletion of feoAB increases tolcapone resistance. Growth of B. thetaiotaomicron parental strain (wild type, blue), Δ feoAB mutant (red) and a complemented ∆ feoAB strain (green) in varying tolcapone concentrations is indicated ( n = 2 per strain per tolcapone concentration). d , Fe 57 detected via inductively coupled plasma-mass spectroscopy (ICP–MS) in B. thetaiotaomicron parental, ∆ feoAB and complemented strains. Data represent the mean ± s.d. of triplicates (one-way ANOVA with post hoc Tukey’s multiple comparisons test). e – g , Time-kill assays measuring the viability of B. thetaiotaomicron parental strain ( e ), ∆ feoAB ( f ) and parental strain supplemented with 50 µM 2,2-bipyridyl ( g ) in varying tolcapone concentrations. Lines represent medians for each strain in each tolcapone concentration. LOD, limit of detection; n = 2 for each strain per treatment per time point. h , i , Growth of B. thetaiotaomicron wild type (blue) or B. thetaiotaomicron Δ recA in the presence of varying concentrations of either metronidazole ( h ) or tolcapone ( i ). Growth is normalized to the untreated control for each genotype; lines represent the mean of growth from CFU at each compound concentration. n = 3 replicates per strain per time point; asterisks indicate multiple two-tailed unpaired Welch’s t -tests with Holm–Sidak correction. Adjusted P values in h : 0.39 µM, ** P = 0.0038; 0.78 µM, *** P = 0.0007; 1.56 µM, * P = 0.0117; 3.12 µM, *** P = 0.0001; 6.25 µM * P = 0.0105. Adjusted P values in i : 12.5 µM, *P = 0.0446; 25 µM **P = 0.0011; 50 µM * P = 0.0262. j , Volcano plot of differential transcriptomic response of E. coli WO153 in the presence of either tolcapone (25 µM) or M1 (25 µM) (same dataset presented in Extended Data Fig. 3e ). Each point represents mean log 2 (FC) and mean −log 10 (adjusted P value) ( n = 3 per treatment; two-tailed Wald t -tests with Benjamini–Hochberg correction). Spy , zraP and ibpB are known protein aggregation-related genes in E. coli . Dashed lines denote significance thresholds for fold change (log 2 ≥ 1) and adjusted P value (−log 10 ≥ 2). k , SDS–PAGE gel of protein aggregates isolated from aerobic E. coli ∆ bamB ∆ tolC cultures treated with vehicle (DMSO), increasing concentrations of tolcapone or 400 µM M1 (see Methods for details). The panel provides a representative image from an experiment that was independently completed twice. MW, molecular weight. Source data"
10-1038-s41564-026-02310-w__fig04_b,/ssd2/liwentao/SciFigureHub/FigureComplexityDataset_3levels_threshold_1_3_4_5_6_10/medium/environment/umap_tsne_pca/10-1038-s41564-026-02310-w__fig04_b,/ssd2/liwentao/SciFigureHub/FigureComplexityDataset_3levels_threshold_1_3_4_5_6_10/medium/environment/umap_tsne_pca/10-1038-s41564-026-02310-w__fig04_b/target.png,/ssd2/liwentao/SciFigureHub/FigureComplexityDataset_3levels/medium/environment/umap_tsne_pca/10-1038-s41564-026-02310-w__fig04_b/target.pdf,/ssd2/liwentao/SciFigureHub/FigureComplexityDataset_3levels_threshold_1_3_4_5_6_10/medium/environment/umap_tsne_pca/10-1038-s41564-026-02310-w__fig04_b/reproduce_panel.png,/ssd2/liwentao/SciFigureHub/FigureComplexityDataset_3levels/medium/environment/umap_tsne_pca/10-1038-s41564-026-02310-w__fig04_b/reproduce_panel.pdf,/ssd2/liwentao/SciFigureHub/FigureComplexityDataset_3levels_threshold_1_3_4_5_6_10/medium/environment/umap_tsne_pca/10-1038-s41564-026-02310-w__fig04_b/reproduce_panel.py,/ssd2/liwentao/SciFigureHub/FigureComplexityDataset_3levels_threshold_1_3_4_5_6_10/medium/environment/umap_tsne_pca/10-1038-s41564-026-02310-w__fig04_b/description.md,/ssd2/liwentao/SciFigureHub/SciFigure2Code/audits/codex_dataset_audit_first100/10-1038-s41564-026-02310-w__fig04_b/audit.json,/ssd2/liwentao/SciFigureHub/SciFigure2Code/audits/codex_dataset_audit_first100/10-1038-s41564-026-02310-w__fig04_b/prompt.md,/ssd2/liwentao/SciFigureHub/SciFigure2Code/audits/codex_dataset_audit_first100/10-1038-s41564-026-02310-w__fig04_b/static_precheck.json,environment,environment,umap_tsne_pca,medium,4,Nature Microbiology,10.1038/s41564-026-02310-w,,,clean,True,0.94,"No meaningful quality-control issue found; the panel is a code-drawn PCA scatter recreation without image dependency, raster tracing, or damaging text overlap.","This panel shows a PCA scatter plot of species-level cytosolic proteomic profiles for B. fibrisolvens on fibre across several community contexts. Colored point clusters represent different culture conditions, with PC1 and PC2 variance labels and an ANOSIM statistic annotation.","Species-level proteomic responses are shaped by community context. a , Species-level proteomics were analysed for individual species, 3 different pairs and the consortia of 4 bacterial species. b – i , PCA of the overall cytosolic proteins (secreted proteins PCA are available in Supplementary Fig. 5 ) for each of the indicated bacteria (LFQ values) and carbon source in the communities described in a (3 biological replicates) (with corresponding colour coding). Clustering analysis of expressed proteins according to the type of culture was performed using ANOSIM with 10,000 randomizations of the data, and the resulting R and P value corrected using the FDR Benjamini–Hochberg method are indicated. The total biomass produced in these contexts by each bacterium is available in Supplementary Fig. 4 ."
10-1038-s41586-025-09812-3__fig05_e,/ssd2/liwentao/SciFigureHub/FigureComplexityDataset_3levels_threshold_1_3_4_5_6_10/medium/geography/survival_curve/10-1038-s41586-025-09812-3__fig05_e,/ssd2/liwentao/SciFigureHub/FigureComplexityDataset_3levels_threshold_1_3_4_5_6_10/medium/geography/survival_curve/10-1038-s41586-025-09812-3__fig05_e/target.png,/ssd2/liwentao/SciFigureHub/FigureComplexityDataset_3levels/medium/geography/survival_curve/10-1038-s41586-025-09812-3__fig05_e/target.pdf,/ssd2/liwentao/SciFigureHub/FigureComplexityDataset_3levels_threshold_1_3_4_5_6_10/medium/geography/survival_curve/10-1038-s41586-025-09812-3__fig05_e/reproduce_panel.png,/ssd2/liwentao/SciFigureHub/FigureComplexityDataset_3levels/medium/geography/survival_curve/10-1038-s41586-025-09812-3__fig05_e/reproduce_panel.pdf,/ssd2/liwentao/SciFigureHub/FigureComplexityDataset_3levels_threshold_1_3_4_5_6_10/medium/geography/survival_curve/10-1038-s41586-025-09812-3__fig05_e/reproduce_panel.py,/ssd2/liwentao/SciFigureHub/FigureComplexityDataset_3levels_threshold_1_3_4_5_6_10/medium/geography/survival_curve/10-1038-s41586-025-09812-3__fig05_e/description.md,/ssd2/liwentao/SciFigureHub/SciFigure2Code/audits/codex_dataset_audit_first100/10-1038-s41586-025-09812-3__fig05_e/audit.json,/ssd2/liwentao/SciFigureHub/SciFigure2Code/audits/codex_dataset_audit_first100/10-1038-s41586-025-09812-3__fig05_e/prompt.md,/ssd2/liwentao/SciFigureHub/SciFigure2Code/audits/codex_dataset_audit_first100/10-1038-s41586-025-09812-3__fig05_e/static_precheck.json,geography,geography,survival_curve,medium,4,Nature,10.1038/s41586-025-09812-3,,,clean,True,0.93,"The reproduction uses editable Kaplan-Meier step curves from explicit data arrays, and the only image read is its own saved output for RGB conversion, not target/source editing.",This panel shows Kaplan–Meier progression-free survival curves comparing TMB-low and TMB-high patient groups. It includes direct inline group labels and a hazard-ratio annotation with a 95% confidence interval and P value.,"WGS-based biomarkers for first-line palliative treatment of metastatic breast cancer. a – c , Swimmer plot ( a ), Kaplan–Meier curves ( b ) and multivariate Cox proportional hazard analysis ( c ) comparing PFS according to MATH score in patients with HER2-positive breast cancer who received first-line anti-HER2 treatment as palliative treatment. a , Patients are stratified into two groups: MATH < 40 ( n = 27) and MATH ≥ 40 ( n = 18). Bars represent individual patients, with progression events indicated in yellow. Bottom, clinicopathologic and genomic features, including treatment regimen, ER and PR expression status, ERBB2 transcript expression as copy number (CN) gain and TPM, Ki67 index, tumour ploidy, HRD score and MATH score. L, lapatinib; Pro, prospective; retro, retrospective; T, taxane; TP, taxane plus platinum. d , Genomic and molecular characteristics of patients with hormone receptor-positive breast cancer ( n = 57) treated with first-line CDK4/6 inhibitors (CDK4/6i), stratified by progression status. Top panel displays patient recruitment type, CDK4/6i regimen, PAM50 subtype, Ki67 expression, ploidy, MATH score, TMB and HRD score. Bottom, somatic mutations in recurrently altered cancer-related genes. e , Kaplan–Meier survival curves comparing PFS between individuals with high versus low TMB. f , Kaplan–Meier survival curves comparing PFS between HRD and HRP cases. g , Multivariate Cox proportional hazards analysis. The model accounts for potential correlations between TMB and HRD by incorporating a HRD:TMB interaction term. Multivariate Cox proportional hazards analysis was performed using a two-sided Wald test. Error bars indicate 95% confidence intervals, with the centre dot defined as the hazard ratio. AI, aromatase inhibitor; GNRH, gonadotrophin-releasing hormone; SERD, selective oestrogen receptor degrader. In all panels, n refers to the number of participants included in the analysis."
10-1038-s41586-026-10208-0__fig03_f,/ssd2/liwentao/SciFigureHub/FigureComplexityDataset_3levels_threshold_1_3_4_5_6_10/medium/geography/grouped_bar/10-1038-s41586-026-10208-0__fig03_f,/ssd2/liwentao/SciFigureHub/FigureComplexityDataset_3levels_threshold_1_3_4_5_6_10/medium/geography/grouped_bar/10-1038-s41586-026-10208-0__fig03_f/target.png,/ssd2/liwentao/SciFigureHub/FigureComplexityDataset_3levels/medium/geography/grouped_bar/10-1038-s41586-026-10208-0__fig03_f/target.pdf,/ssd2/liwentao/SciFigureHub/FigureComplexityDataset_3levels_threshold_1_3_4_5_6_10/medium/geography/grouped_bar/10-1038-s41586-026-10208-0__fig03_f/reproduce_panel.png,/ssd2/liwentao/SciFigureHub/FigureComplexityDataset_3levels/medium/geography/grouped_bar/10-1038-s41586-026-10208-0__fig03_f/reproduce_panel.pdf,/ssd2/liwentao/SciFigureHub/FigureComplexityDataset_3levels_threshold_1_3_4_5_6_10/medium/geography/grouped_bar/10-1038-s41586-026-10208-0__fig03_f/reproduce_panel.py,/ssd2/liwentao/SciFigureHub/FigureComplexityDataset_3levels_threshold_1_3_4_5_6_10/medium/geography/grouped_bar/10-1038-s41586-026-10208-0__fig03_f/description.md,/ssd2/liwentao/SciFigureHub/SciFigure2Code/audits/codex_dataset_audit_first100/10-1038-s41586-026-10208-0__fig03_f/audit.json,/ssd2/liwentao/SciFigureHub/SciFigure2Code/audits/codex_dataset_audit_first100/10-1038-s41586-026-10208-0__fig03_f/prompt.md,/ssd2/liwentao/SciFigureHub/SciFigure2Code/audits/codex_dataset_audit_first100/10-1038-s41586-026-10208-0__fig03_f/static_precheck.json,geography,geography,grouped_bar,medium,4,Nature,10.1038/s41586-026-10208-0,,,clean,True,0.93,"The reproduction uses editable matplotlib bar/scatter primitives with explicit data arrays, and the output has no meaningful clipping, overlap, direct image editing, or raster-tracing failure.",This panel shows two grouped bar plots with overlaid individual points for eosinophil frequency in lung and BALF across five treatment groups. Each subplot includes a dotted baseline and a significance annotation above the compared groups.,"IL-2–TGFβ co-agonists establish immune tolerance to suppress OVA-induced allergic inflammation. a – k , Therapeutic effect of TGM1–IL-2 in establishing tolerance to suppress OVA-induced airway inflammation (mock, n = 4 mice; treatment groups, n = 7 mice per group). a , Schematic illustration. IN, intranasal. Created in BioRender; Sun, Q. https://BioRender.com/kk38324 (2026). b , c , Representative lung histology ( b ) and quantification of inflammation scores ( c ). Scale bars, 1 mm. d , Quantification of serum OVA-specific IgE and IgG1 levels. e – g , Representative flow cytometry plots ( e ) and quantification of CD11c − SIGLECF + eosinophil frequencies ( f ) and absolute numbers ( g ) among CD45.2 + CD11b + cells. h – j , Representative flow cytometry plots ( h ) and quantification of FOXP3 + , GATA3 + FOXP3 + and RORγt + FOXP3 + OT-II cell frequencies in lung ( i ) and LDLN ( j ). k , Quantification of FOXP3 + OT-II cell absolute numbers. l – n , Therapeutic effect of TGM1–IL-2 in establishing tolerance to suppress OVA-induced food allergy (PBS, n = 7 mice; TGM1–IL-2, n = 6 mice). l , Schematic illustration. IG, intragastric. Created in BioRender; Sun, Q. https://BioRender.com/5n5ru32 (2026). m , Quantification of mean rectal temperature. n , Quantification of serum OVA-specific IgE and IgG1 levels. o – q , OT-II cell phenotypes (PBS, n = 5 mice; TGM1–IL-2, n = 6 mice). o , p , Representative flow cytometry plots ( o ) and quantification ( p ) of FOXP3 + , GATA3 + FOXP3 + and RORγt + FOXP3 + OT-II cell frequencies. PP, Peyer’s patches; SI, small intestine. q , Quantification of FOXP3 + OT-II cell absolute numbers. Data are presented as mean ± s.e.m. Data in a – q are representative of two independent experiments. Statistics were obtained by one-way ANOVA coupled with Dunnett’s multiple-comparisons test ( c , d , f , g , i – k ), two-way ANOVA coupled with Šídák’s multiple-comparisons test ( m ) or unpaired Welch’s t -test (two-tailed) ( n , p , q ). Source Data"
10-1038-s41586-026-10299-9__fig05_h,/ssd2/liwentao/SciFigureHub/FigureComplexityDataset_3levels_threshold_1_3_4_5_6_10/low/environment/bar/10-1038-s41586-026-10299-9__fig05_h,/ssd2/liwentao/SciFigureHub/FigureComplexityDataset_3levels_threshold_1_3_4_5_6_10/low/environment/bar/10-1038-s41586-026-10299-9__fig05_h/target.png,/ssd2/liwentao/SciFigureHub/FigureComplexityDataset_3levels/low/environment/bar/10-1038-s41586-026-10299-9__fig05_h/target.pdf,/ssd2/liwentao/SciFigureHub/FigureComplexityDataset_3levels_threshold_1_3_4_5_6_10/low/environment/bar/10-1038-s41586-026-10299-9__fig05_h/reproduce_panel.png,/ssd2/liwentao/SciFigureHub/FigureComplexityDataset_3levels/low/environment/bar/10-1038-s41586-026-10299-9__fig05_h/reproduce_panel.pdf,/ssd2/liwentao/SciFigureHub/FigureComplexityDataset_3levels_threshold_1_3_4_5_6_10/low/environment/bar/10-1038-s41586-026-10299-9__fig05_h/reproduce_panel.py,/ssd2/liwentao/SciFigureHub/FigureComplexityDataset_3levels_threshold_1_3_4_5_6_10/low/environment/bar/10-1038-s41586-026-10299-9__fig05_h/description.md,/ssd2/liwentao/SciFigureHub/SciFigure2Code/audits/codex_dataset_audit_first100/10-1038-s41586-026-10299-9__fig05_h/audit.json,/ssd2/liwentao/SciFigureHub/SciFigure2Code/audits/codex_dataset_audit_first100/10-1038-s41586-026-10299-9__fig05_h/prompt.md,/ssd2/liwentao/SciFigureHub/SciFigure2Code/audits/codex_dataset_audit_first100/10-1038-s41586-026-10299-9__fig05_h/static_precheck.json,environment,environment,bar,low,3,Nature,10.1038/s41586-026-10299-9,,,clean,True,0.95,The reproduction is a clean editable Matplotlib bar chart with readable labels and no target/source image dependency or raster-tracing behavior.,"This panel is a single bar chart of NAc [3H]DAMGO specific binding across vehicle, fentanyl, FNZ, and DFNZ groups, with error bars, open-circle replicate points, and a significance bracket over the first two groups.","DFNZ has a strong safety profile. a – c , Hypoxia after intravenous (IV) FNZ ( n = 14 independent experiments), DFNZ ( n = 14 independent experiments) or fentanyl (Fen) ( n = 8 independent experiments) ( a ), subcutaneous (SC) vehicle ( n = 9 independent experiments) or DFNZ ( n = 9 independent experiments; two-way repeated measures ANOVA, treatment–time interaction, F (61, 915) = 4.24, P < 0.001) ( b ), and (IV) tariquidar (Tar) ( n = 13 independent experiments) and DFNZ ( n = 7 independent experiments; two-way ANOVA, treatment–time interaction, F (100, 1071) = 2.37, P < 0.001) ( c ). Drug concentrations are in mg kg −1 . d , Withdrawal after vehicle ( n = 8 rats), morphine ( n = 6 rats), FNZ ( n = 6 rats) or DFNZ ( n = 8 rats) (ANOVA, F (3, 24) = 67.01, P < 0.001; Holm–Sidak post hoc tests, P < 0.02). Asterisks (*) indicate significant differences compared with vehicle and pound (#) signs indicate significant differences compared with morphine ( ## P < 0.01, ### P < 0.001). e , Schematic of von Frey assessments in f , g . f , g , Paw withdrawal threshold (PWT) at 30 min ( f ; two-way repeated measures ANOVA, drug–dose interaction, F (9, 84) = 19.29, P < 0.001) or 5 h ( g ; two-way repeated measures ANOVA, drug–dose interaction, F (9, 84) = 3.07, P = 0.003) after vehicle ( n = 16 rats), FNZ ( n = 8 rats), DFNZ ( n = 8 rats) or fentanyl ( n = 8 rats). Closed circles indicate significant differences compared with vehicle. h , MOR density after vehicle ( n = 16 rats), FNZ ( n = 7 rats), DFNZ ( n = 6 rats) or fentanyl ( n = 8 rats) (ANOVA, F (3, 33) = 5.47, P = 0.003; Dunnett’s post hoc test, P = 0.004). i , j , FNZ ( i ; n = 7 rats; two-way repeated measures ANOVA, dose effect, F (3, 18) = 9.25, P < 0.001) and DFNZ ( j ; n = 13 rats; treatment–time interaction, F (6, 69) = 9.64, P < 0.001) decrease heroin self-administration. Drug concentrations are in mg kg − 1 . Closed circles indicate significant differences compared with vehicle. k – n , Acquisition ( k : white background, fixed ratio 1 (FR1); grey background, FR3), FR3 dose–response ( l ), breakpoint ( m ; progressive ratio (PR)) and progressive ratio response ( n : unpaired t -test, two-sided, t (17) = 2.13, P = 0.04) during FNZ ( n = 11 rats) or DFNZ ( n = 8 rats) self-administration. o , FNZ ( n = 11 rats), DFNZ ( n = 8 rats) or heroin ( n = 10 rats) extinction (two-way repeated measures ANOVA, drug–time interaction, F (16, 208) = 2.46, P = 0.002). Closed circles indicate significant differences compared with DFNZ. p , FNZ ( n = 10 rats), DFNZ ( n = 8 rats) or heroin ( n = 7 rats) reinstatement (two-way repeated measures ANOVA, drug–session interaction, F (2, 22) = 18.55, P < 0.001; Sidak’s post hoc test, P < 0.001). Ext, extinction; Rt, reinstatement. Data are shown as mean ± s.e.m. * P < 0.05, ** P < 0.01, *** P < 0.001. Source data"
10-1038-s41586-026-10479-7__fig04_a,/ssd2/liwentao/SciFigureHub/FigureComplexityDataset_3levels_threshold_1_3_4_5_6_10/medium/geography/line/10-1038-s41586-026-10479-7__fig04_a,/ssd2/liwentao/SciFigureHub/FigureComplexityDataset_3levels_threshold_1_3_4_5_6_10/medium/geography/line/10-1038-s41586-026-10479-7__fig04_a/target.png,/ssd2/liwentao/SciFigureHub/FigureComplexityDataset_3levels/medium/geography/line/10-1038-s41586-026-10479-7__fig04_a/target.pdf,/ssd2/liwentao/SciFigureHub/FigureComplexityDataset_3levels_threshold_1_3_4_5_6_10/medium/geography/line/10-1038-s41586-026-10479-7__fig04_a/reproduce_panel.png,/ssd2/liwentao/SciFigureHub/FigureComplexityDataset_3levels/medium/geography/line/10-1038-s41586-026-10479-7__fig04_a/reproduce_panel.pdf,/ssd2/liwentao/SciFigureHub/FigureComplexityDataset_3levels_threshold_1_3_4_5_6_10/medium/geography/line/10-1038-s41586-026-10479-7__fig04_a/reproduce_panel.py,/ssd2/liwentao/SciFigureHub/FigureComplexityDataset_3levels_threshold_1_3_4_5_6_10/medium/geography/line/10-1038-s41586-026-10479-7__fig04_a/description.md,/ssd2/liwentao/SciFigureHub/SciFigure2Code/audits/codex_dataset_audit_first100/10-1038-s41586-026-10479-7__fig04_a/audit.json,/ssd2/liwentao/SciFigureHub/SciFigure2Code/audits/codex_dataset_audit_first100/10-1038-s41586-026-10479-7__fig04_a/prompt.md,/ssd2/liwentao/SciFigureHub/SciFigure2Code/audits/codex_dataset_audit_first100/10-1038-s41586-026-10479-7__fig04_a/static_precheck.json,geography,geography,line,medium,4,Nature,10.1038/s41586-026-10479-7,,,clean,True,0.93,No meaningful audit issue found: the code builds an editable four-panel Matplotlib line/profile plot from explicit profile arrays without direct image loading or raster tracing.,"This panel shows four vertical storm-profile plots for Dallas, Austin, San Antonio and Houston, comparing urban cold-frontal storm intensity profiles against a blue-shaded rural range. Each subplot includes a p-value, urban and rural sample counts, and a mid-level percentage reduction annotation over the 2-6 km height band.","Cold-frontal storm intensity weakens over urban areas compared with rural surroundings. a , Vertical profiles of average cold-frontal storms passing over cities (solid lines) and four surrounding rural domains (blue-shaded areas represent the range across four rural domains). Significantly fewer high-reflectivity grid cells are observed in the lower to mid-troposphere (2–6 km) over urban areas compared with rural counterparts, with anomalies and Wilcoxon signed-rank test results indicated. The values of n u and n r denote the number of cold-frontal storms passing over urban and rural domains, respectively. b , Dynamical evolution of cold fronts approaching and moving away from urban and rural domains. When cold fronts approach cities, a larger fraction of cold-frontal storms enters the observation window, leading to an increase in high-reflectivity grid cells (above the zero line) and vice versa as storms move away. We find that cities may attenuate cold-front intensity at its nearest approach but slightly enhance intensity ahead of arrival. Non-parametric Wilcoxon signed-rank tests confirm significant decreases in high-reflectivity grid cells as cold fronts arrive in most cities (except Dallas, P = 0.057), whereas increases ahead of cities are not statistically significant."
10-1038-s41588-025-02475-w__fig05_b,/ssd2/liwentao/SciFigureHub/FigureComplexityDataset_3levels_threshold_1_3_4_5_6_10/medium/biology/box/10-1038-s41588-025-02475-w__fig05_b,/ssd2/liwentao/SciFigureHub/FigureComplexityDataset_3levels_threshold_1_3_4_5_6_10/medium/biology/box/10-1038-s41588-025-02475-w__fig05_b/target.png,/ssd2/liwentao/SciFigureHub/FigureComplexityDataset_3levels/medium/biology/box/10-1038-s41588-025-02475-w__fig05_b/target.pdf,/ssd2/liwentao/SciFigureHub/FigureComplexityDataset_3levels_threshold_1_3_4_5_6_10/medium/biology/box/10-1038-s41588-025-02475-w__fig05_b/reproduce_panel.png,/ssd2/liwentao/SciFigureHub/FigureComplexityDataset_3levels/medium/biology/box/10-1038-s41588-025-02475-w__fig05_b/reproduce_panel.pdf,/ssd2/liwentao/SciFigureHub/FigureComplexityDataset_3levels_threshold_1_3_4_5_6_10/medium/biology/box/10-1038-s41588-025-02475-w__fig05_b/reproduce_panel.py,/ssd2/liwentao/SciFigureHub/FigureComplexityDataset_3levels_threshold_1_3_4_5_6_10/medium/biology/box/10-1038-s41588-025-02475-w__fig05_b/description.md,/ssd2/liwentao/SciFigureHub/SciFigure2Code/audits/codex_dataset_audit_first100/10-1038-s41588-025-02475-w__fig05_b/audit.json,/ssd2/liwentao/SciFigureHub/SciFigure2Code/audits/codex_dataset_audit_first100/10-1038-s41588-025-02475-w__fig05_b/prompt.md,/ssd2/liwentao/SciFigureHub/SciFigure2Code/audits/codex_dataset_audit_first100/10-1038-s41588-025-02475-w__fig05_b/static_precheck.json,biology,AI_biology,box,medium,4,Nature Genetics,10.1038/s41588-025-02475-w,,,clean,True,0.94,"No meaningful audit issues found; the code generates editable synthetic boxplot data without image dependencies, and labels remain readable.","This panel shows boxplots with overlaid jittered points comparing the proportion of immune cells across WHO grades 1-3 and methylation classes Ben-2, Ben-3, Ben-1, Int-A, Int-B, and Mal. Immune cell proportions are generally lower in the more aggressive groups.","The number of immune cells in a meningioma can predict the risk for recurrence. a , To investigate the predictive value of the immune component in the different MCs, three previously described clinical cohorts, including a retrospective discovery, retrospective validation and prospective validation cohort, were investigated harboring cases from each WHO grade, MC, UCSF subgroup, stromal and neoplastic signature. For each case, the stromal and neoplastic signature with the highest score is annotated. b , Similar to the snRNA data, the number of immune cells as determined by methylation deconvolution decreased with aggressiveness of the WHO grade or MC (WHO grade 1 n = 527, grade 2 n = 353 and grade 3 n = 90. MC ben-1 n = 178, ben-2 n = 252, ben-3 n = 68, int-A n = 330, int-B n = 56 and mal n = 86). c , d , Kaplan-Meier analysis of progression-free survival for cases stratified by the quartile distribution of immune cell presence into a high (top quartile) or low (bottom)/intermediate (middle two quartiles) group resulted in a significantly different outcome in the discovery (log-rank test, Χ 2 test statistic = 23.7, 1 degree of freedom) ( c ) and retrospective validation cohort (log-rank test, Χ 2 test statistic = 8.1, 1 degree of freedom) ( d ). e , In the discovery cohort, the WHO grade 2 cases with high quartile immune cells had more favorable outcome than the combined WHO grade 1 group. Log-rank tests, all with 1 degree of freedom. Χ 2 test statistic: 1.Int/low versus 1.High = 5.2, 2.Int/low versus 2.High = 12.6 and 1.Int/low versus 2.High = 1.1. f , Forest plot of WHO grade 1 and 2 meningioma indicating that the immune cell component remains a significant predictor after correction for the WHO grade in all 3 cohorts. Cox proportional hazard regression models were fitted to test the immune cell component using the Wald test. All tests were two sided, and no adjustment for multiple testing was done. Points indicate the hazard ratio, and horizontal lines indicate the corresponding 95% confidence intervals as estimated by the Cox proportional hazard regression model. For panels c to e , all tests were two sided. Boxplots represent the upper and lower quartiles, whereas whiskers reach to the most outlying samples that are within 1.5 IQR from the quartiles. Median values are labeled as horizontal lines in the boxes."
10-1038-s41588-026-02503-3__fig01_f,/ssd2/liwentao/SciFigureHub/FigureComplexityDataset_3levels_threshold_1_3_4_5_6_10/high/biology/heatmap/10-1038-s41588-026-02503-3__fig01_f,/ssd2/liwentao/SciFigureHub/FigureComplexityDataset_3levels_threshold_1_3_4_5_6_10/high/biology/heatmap/10-1038-s41588-026-02503-3__fig01_f/target.png,/ssd2/liwentao/SciFigureHub/FigureComplexityDataset_3levels/medium/biology/heatmap/10-1038-s41588-026-02503-3__fig01_f/target.pdf,/ssd2/liwentao/SciFigureHub/FigureComplexityDataset_3levels_threshold_1_3_4_5_6_10/high/biology/heatmap/10-1038-s41588-026-02503-3__fig01_f/reproduce_panel.png,/ssd2/liwentao/SciFigureHub/FigureComplexityDataset_3levels/medium/biology/heatmap/10-1038-s41588-026-02503-3__fig01_f/reproduce_panel.pdf,/ssd2/liwentao/SciFigureHub/FigureComplexityDataset_3levels_threshold_1_3_4_5_6_10/high/biology/heatmap/10-1038-s41588-026-02503-3__fig01_f/reproduce_panel.py,/ssd2/liwentao/SciFigureHub/FigureComplexityDataset_3levels_threshold_1_3_4_5_6_10/high/biology/heatmap/10-1038-s41588-026-02503-3__fig01_f/description.md,/ssd2/liwentao/SciFigureHub/SciFigure2Code/audits/codex_dataset_audit_first100/10-1038-s41588-026-02503-3__fig01_f/audit.json,/ssd2/liwentao/SciFigureHub/SciFigure2Code/audits/codex_dataset_audit_first100/10-1038-s41588-026-02503-3__fig01_f/prompt.md,/ssd2/liwentao/SciFigureHub/SciFigure2Code/audits/codex_dataset_audit_first100/10-1038-s41588-026-02503-3__fig01_f/static_precheck.json,biology,AI_biology,heatmap,high,6,Nature Genetics,10.1038/s41588-026-02503-3,,,clean,True,0.93,No meaningful QC issue found; the script generates editable synthetic heatmap matrices without loading source images or raster-tracing individual cells.,"This panel shows a grid of aggregate chromatin loop heatmaps across developmental stages NC10, NC12, and NC14, grouped by anchor-to-anchor distance bins. It includes per-panel loop counts, stage badges, a vertical panel title, and a log-scaled Obs/exp colorbar.","Pico-C enables sub-kilobase chromatin maps across six developmental stages during the establishment of genome architecture in Drosophila. a , Schematic of the low-input Micro-C method, Pico-C, developed to capture interphase-staged dynamics in early NCs. Extracted formaldehyde- and EGS (ethylene glycol bis(succinimidyl succinate))-fixed nuclei were immobilized on concanavalin A beads, eliminating most spin-down steps and considerably reducing sample loss. Moreover, the biotinylation step was extended from 45 min to 4 h to improve pulldown efficiency. All subsequent steps, including library preparation and size selection, were done as previously described 57 . b , Microscopy images of Drosophila embryos at NC9–NC14 used for Micro-C. Embryos were hand sorted by utilizing nuclear density for staging. Nuclear PCNA–GFP was used to delineate interphase embryos as done previously 18 , 23 , 58 . c , Stepwise establishment of 3D genome organization of the ANT-C. Our matrices capture early looping between the zen and zen2 genes (i) taking place as early as NC9, the formation of the bowtie structure around the ftz gene (ii) and the establishment of tether elements at the Antp gene (iii). d , Aggregate analysis of boundaries identified using low-input Micro-C data from embryos at NC9–NC14. Boundaries were called at 500-bp resolution (res.) and aggregate plots of observed/expected contacts (Obs/exp scale) were plotted at 250-bp resolution with 20-kb flanking regions. The scores in the upper left corners indicate average insulation score at each developmental stage. e , UpSet plot of boundaries gained through development across NCs. Most boundaries are gained progressively through development. f , Aggregate analysis of chromatin loops called at 250-bp, 1-kb, 2-kb, 4-kb and 16-kb resolution, plotted across different anchor-to-anchor distances at 1-kb resolution with 50-kb flanking regions. g , UpSet plot of loops called in NC9–NC14 (grouping >80). NC9 is omitted due to a low loop count ( n = 11). Most loops are gained over time, but many are stage specific. Images in a and b created with BioRender.com ."
10-1038-s41588-026-02577-z__fig04_f,/ssd2/liwentao/SciFigureHub/FigureComplexityDataset_3levels_threshold_1_3_4_5_6_10/medium/environment/other_data_display/10-1038-s41588-026-02577-z__fig04_f,/ssd2/liwentao/SciFigureHub/FigureComplexityDataset_3levels_threshold_1_3_4_5_6_10/medium/environment/other_data_display/10-1038-s41588-026-02577-z__fig04_f/target.png,/ssd2/liwentao/SciFigureHub/FigureComplexityDataset_3levels/medium/environment/other_data_display/10-1038-s41588-026-02577-z__fig04_f/target.pdf,/ssd2/liwentao/SciFigureHub/FigureComplexityDataset_3levels_threshold_1_3_4_5_6_10/medium/environment/other_data_display/10-1038-s41588-026-02577-z__fig04_f/reproduce_panel.png,/ssd2/liwentao/SciFigureHub/FigureComplexityDataset_3levels/medium/environment/other_data_display/10-1038-s41588-026-02577-z__fig04_f/reproduce_panel.pdf,/ssd2/liwentao/SciFigureHub/FigureComplexityDataset_3levels_threshold_1_3_4_5_6_10/medium/environment/other_data_display/10-1038-s41588-026-02577-z__fig04_f/reproduce_panel.py,/ssd2/liwentao/SciFigureHub/FigureComplexityDataset_3levels_threshold_1_3_4_5_6_10/medium/environment/other_data_display/10-1038-s41588-026-02577-z__fig04_f/description.md,/ssd2/liwentao/SciFigureHub/SciFigure2Code/audits/codex_dataset_audit_first100/10-1038-s41588-026-02577-z__fig04_f/audit.json,/ssd2/liwentao/SciFigureHub/SciFigure2Code/audits/codex_dataset_audit_first100/10-1038-s41588-026-02577-z__fig04_f/prompt.md,/ssd2/liwentao/SciFigureHub/SciFigure2Code/audits/codex_dataset_audit_first100/10-1038-s41588-026-02577-z__fig04_f/static_precheck.json,environment,environment,other_data_display,medium,4,Nature Genetics,10.1038/s41588-026-02577-z,,,clean,True,0.94,No meaningful audit issue found; the reproduction uses editable Matplotlib primitives with synthetic genomic signal arrays and readable labeling.,"This panel shows an introgression fd scan for the G2-to-G4 comparison across chromosomes 1-20, drawn as alternating blue and orange vertical signal blocks with a dashed top-1% threshold near 0.49. It is a Manhattan-style genomic track with chromosome labels on the x-axis and fd(G5,G2;G4,G3) on the y-axis.","Population structure and introgression analyses. a , Phylogenetic tree and population structure analysis of 521 peanut accessions. b , PCA plot of the first two principal components (PC1 and PC2) of the five groups. c , Population differentiation ( F ST ) and genetic diversity ( π ) across the five groups. d , LD decay estimation for the five groups. e – g , Introgression analysis (fd) among different groups: G2 to G3 (top 1% threshold line: 0.64 ( e )), G2 to G4 (top 1% threshold line: 0.49 ( f )) and G3 to G4 (top 1% threshold line: 0.94 ( g )) on different chromosomes, with G5 as the outgroup. Adm, admixture."
10-1038-s41590-025-02401-6__fig02_d,/ssd2/liwentao/SciFigureHub/FigureComplexityDataset_3levels_threshold_1_3_4_5_6_10/low/geography/heatmap/10-1038-s41590-025-02401-6__fig02_d,/ssd2/liwentao/SciFigureHub/FigureComplexityDataset_3levels_threshold_1_3_4_5_6_10/low/geography/heatmap/10-1038-s41590-025-02401-6__fig02_d/target.png,/ssd2/liwentao/SciFigureHub/FigureComplexityDataset_3levels/low/geography/heatmap/10-1038-s41590-025-02401-6__fig02_d/target.pdf,/ssd2/liwentao/SciFigureHub/FigureComplexityDataset_3levels_threshold_1_3_4_5_6_10/low/geography/heatmap/10-1038-s41590-025-02401-6__fig02_d/reproduce_panel.png,/ssd2/liwentao/SciFigureHub/FigureComplexityDataset_3levels/low/geography/heatmap/10-1038-s41590-025-02401-6__fig02_d/reproduce_panel.pdf,/ssd2/liwentao/SciFigureHub/FigureComplexityDataset_3levels_threshold_1_3_4_5_6_10/low/geography/heatmap/10-1038-s41590-025-02401-6__fig02_d/reproduce_panel.py,/ssd2/liwentao/SciFigureHub/FigureComplexityDataset_3levels_threshold_1_3_4_5_6_10/low/geography/heatmap/10-1038-s41590-025-02401-6__fig02_d/description.md,/ssd2/liwentao/SciFigureHub/SciFigure2Code/audits/codex_dataset_audit_first100/10-1038-s41590-025-02401-6__fig02_d/audit.json,/ssd2/liwentao/SciFigureHub/SciFigure2Code/audits/codex_dataset_audit_first100/10-1038-s41590-025-02401-6__fig02_d/prompt.md,/ssd2/liwentao/SciFigureHub/SciFigure2Code/audits/codex_dataset_audit_first100/10-1038-s41590-025-02401-6__fig02_d/static_precheck.json,geography,geography,heatmap,low,3,Nature Immunology,10.1038/s41590-025-02401-6,,,clean,True,0.94,"No meaningful audit issue found; the code builds an editable low-triangular heatmap from explicit cell values without image dependencies, and the rendered labels remain readable.","This panel shows a lower-triangular Morisita index heatmap comparing clonal overlap among leptomeningeal T cell clusters. A horizontal colorbar maps low-to-high overlap values, and each occupied cell is annotated with the corresponding index.","TCR sequencing distinguishes leptomeningeal T cell clonal lineages. a , b , UMAPs depicting cells expressing both a CDR3α and CDR3β chain (αβ TCR-positive) ( a ) and clonally expanded T cells (cells in which both the CDR3α and CDR3β are found in two or more cells) ( b ), shown in red. c , Comparison of the percentage of CD4 and CD8 T cells that were clonally expanded in each sample ( n = 29). Error bars represent one standard deviation around the mean. d , Morisita index overlap depicting the degree of clonal similarity (both CDR3α and CDR3β) between leptomeningeal T cell clusters. e , Volcano plot of pseudobulked differential gene expression analysis between CD8 T cell cluster 3 and the remaining CD8 T cell clusters. P values were adjusted for multiple comparisons using a Benjamini–Hochberg false discovery rate (FDR) of 0.1. FC, fold change; NS, not significant. f , Volcano plot of results of differential expression analysis between CD8 T cell clusters 1 and 2 performed by pseudobulking in DESeq2. P values are adjusted for multiple comparisons using a Benjamini–Hochberg FDR of 0.1. Source data"
10-1038-s41590-026-02456-z__fig02_c,/ssd2/liwentao/SciFigureHub/FigureComplexityDataset_3levels_threshold_1_3_4_5_6_10/low/environment/histogram/10-1038-s41590-026-02456-z__fig02_c,/ssd2/liwentao/SciFigureHub/FigureComplexityDataset_3levels_threshold_1_3_4_5_6_10/low/environment/histogram/10-1038-s41590-026-02456-z__fig02_c/target.png,/ssd2/liwentao/SciFigureHub/FigureComplexityDataset_3levels/low/environment/histogram/10-1038-s41590-026-02456-z__fig02_c/target.pdf,/ssd2/liwentao/SciFigureHub/FigureComplexityDataset_3levels_threshold_1_3_4_5_6_10/low/environment/histogram/10-1038-s41590-026-02456-z__fig02_c/reproduce_panel.png,/ssd2/liwentao/SciFigureHub/FigureComplexityDataset_3levels/low/environment/histogram/10-1038-s41590-026-02456-z__fig02_c/reproduce_panel.pdf,/ssd2/liwentao/SciFigureHub/FigureComplexityDataset_3levels_threshold_1_3_4_5_6_10/low/environment/histogram/10-1038-s41590-026-02456-z__fig02_c/reproduce_panel.py,/ssd2/liwentao/SciFigureHub/FigureComplexityDataset_3levels_threshold_1_3_4_5_6_10/low/environment/histogram/10-1038-s41590-026-02456-z__fig02_c/description.md,/ssd2/liwentao/SciFigureHub/SciFigure2Code/audits/codex_dataset_audit_first100/10-1038-s41590-026-02456-z__fig02_c/audit.json,/ssd2/liwentao/SciFigureHub/SciFigure2Code/audits/codex_dataset_audit_first100/10-1038-s41590-026-02456-z__fig02_c/prompt.md,/ssd2/liwentao/SciFigureHub/SciFigure2Code/audits/codex_dataset_audit_first100/10-1038-s41590-026-02456-z__fig02_c/static_precheck.json,environment,environment,histogram,low,3,Nature Immunology,10.1038/s41590-026-02456-z,,,clean,True,0.93,"No meaningful QC issue found: the code uses editable synthetic Matplotlib curves and replicate data, with no image dependency or raster tracing, and text remains readable.",This panel shows stacked flow-cytometry-style CellEvent histograms for WT and XKR8 KO cells across PMA treatment times together with a right-side time-course plot of CellEvent+PI- percentages for the two groups.,"Activation of XKR8 by caspase-3 triggers NET formation. a , PS exposure during PMA-induced NET formation in WT and XKR8 KO BMNs. Representative histogram (left) and quantification (right) of PS exposure in live cells (annexin V + PI − ) at the indicated time points, assessed by flow cytometry ( n = 3). b , Quantification of intracellular ROS in WT and XKR8 KO BMNs treated with PMA, measured by luminol assay ( n = 3). c – e , Caspase-3 activation in WT and XKR8 KO BMNs treated with PMA, assessed by CellEvent ( c ) ( n = 3), intracellular staining of cleaved caspase-3 ( d ) ( n = 3), and immunoblotting ( e ). A representative histogram (left) and quantifications (right) are shown for c and d . Raptinal is an apoptosis inducer. Cl., cleaved; s.e., short exposure; l.e., long exposure. β-actin was used as a loading control. f , g , PS exposure ( f ) and NET formation ( g ) in WT and XKR8 KO BMNs treated with PMA after preincubation with caspase inhibitor Q-VD (10 μM). Representative histogram ( f , left) and quantification ( f , right) of PS exposure in live cells (annexin V + PI − ) ( n = 3) and NET formation ( g , n = 12). h , PS exposure in WT, XKR8 KO, caspase-3 KO (CASP3 KO) BMNs treated with PMA. Representative histogram (left) and quantification (right) of PS exposure in live cells (annexin V + PI − ) ( n = 3). i , NET formation in WT, XKR8 KO, CASP3 KO BMNs treated with PMA, A23187, nigericin or LPS ( n = 8). NET formation was defined by a nuclear area greater than 80 µm 2 ( g , i ). Each dot represents an individual field of view ( g , i ), or a biological replicate ( a – d , f , h ). Data are represented as the mean ± s.e.m. from one representative experiment out of three ( g , h ), four ( a – c , e , i ), five ( f ) and six ( d ) independent experiments. Statistical analysis was performed using a two-way ANOVA ( a – d , f – i ). P values are shown on the graphs. Source data"
10-1038-s41590-026-02456-z__fig03_b,/ssd2/liwentao/SciFigureHub/FigureComplexityDataset_3levels_threshold_1_3_4_5_6_10/medium/environment/dot_plot/10-1038-s41590-026-02456-z__fig03_b,/ssd2/liwentao/SciFigureHub/FigureComplexityDataset_3levels_threshold_1_3_4_5_6_10/medium/environment/dot_plot/10-1038-s41590-026-02456-z__fig03_b/target.png,/ssd2/liwentao/SciFigureHub/FigureComplexityDataset_3levels/medium/environment/dot_plot/10-1038-s41590-026-02456-z__fig03_b/target.pdf,/ssd2/liwentao/SciFigureHub/FigureComplexityDataset_3levels_threshold_1_3_4_5_6_10/medium/environment/dot_plot/10-1038-s41590-026-02456-z__fig03_b/reproduce_panel.png,/ssd2/liwentao/SciFigureHub/FigureComplexityDataset_3levels/medium/environment/dot_plot/10-1038-s41590-026-02456-z__fig03_b/reproduce_panel.pdf,/ssd2/liwentao/SciFigureHub/FigureComplexityDataset_3levels_threshold_1_3_4_5_6_10/medium/environment/dot_plot/10-1038-s41590-026-02456-z__fig03_b/reproduce_panel.py,/ssd2/liwentao/SciFigureHub/FigureComplexityDataset_3levels_threshold_1_3_4_5_6_10/medium/environment/dot_plot/10-1038-s41590-026-02456-z__fig03_b/description.md,/ssd2/liwentao/SciFigureHub/SciFigure2Code/audits/codex_dataset_audit_first100/10-1038-s41590-026-02456-z__fig03_b/audit.json,/ssd2/liwentao/SciFigureHub/SciFigure2Code/audits/codex_dataset_audit_first100/10-1038-s41590-026-02456-z__fig03_b/prompt.md,/ssd2/liwentao/SciFigureHub/SciFigure2Code/audits/codex_dataset_audit_first100/10-1038-s41590-026-02456-z__fig03_b/static_precheck.json,environment,environment,dot_plot,medium,4,Nature Immunology,10.1038/s41590-026-02456-z,,,clean,True,0.92,"No meaningful audit issues found; the code builds an editable dot/bar plot from explicit values without image dependencies, and the reproduced panel remains readable.","This panel shows annexin V-positive, PI-negative cells as percentages for Vehicle and PMA conditions across WT, XKR8 KO, and XKR8 2DA groups using open bars with replicate dots and p-value annotations. It is a narrow vertical statistical plot with a two-row genotype legend and three significance labels over the PMA group.","XKR8-mediated extensive phospholipid re-shuffling facilitates NETs formation. a – c , PS exposure in WT, XKR8 KO, 2DA KI (XKR8 2DA ) BMNs treated with PMA and NET formation treated with PMA (100 nM, 6 h), A23187 (1.25 μM, 4 h), nigericin (5 μM, 4 h) or LPS (10 μg ml −1 , 2 h). Representative histogram ( a ) and quantification ( b ) of PS exposure in live cells (annexin V + PI − ) ( n = 3), and quantification of NET formation ( c , n is shown on the graphs). d , e , Quantification of NETs in neutrophil-like HL-60 cells: WT, XKR8 KO and XKR8 KO cells reconstituted with full-length mouse XKR8 (KO + XKR8 FL ) ( d ), and XKR8 mutants (2DA and S/T-3A) ( e ) following PMA (100 nM, 6 h) treatment ( n = 8). f , Immunoblot analysis of cleavage of XKR8 during PMA-induced NET formation. Mouse XKR8 (XKR8 FL ) and XKR8 2DA mutant were GFP-tagged and expressed in XKR8 KO dHL-60 cells. β-Actin was a loading control. g , Quantification of NETs in neutrophil-like HL-60 WT, XKR8 KO and XKR8 KO cells reconstituted with XKR8 mutants D30A and W45A. NETs were induced with PMA (100 nM, 6 h) ( n = 8). h , i , PS and PE exposure during NET formation in WT and XKR8 KO BMNs treated with PMA (100 nM, 3 h), detected using annexin V-APC and duramycin-Cy3 staining, respectively. Representative flow cytometry plot ( h ) and quantification ( i ) of PS + /PE + in live cells (PI − ) are shown ( n = 3). j , Quantification of non-extractable NBD-labeled phospholipids (PLs) translocated by activated XKR8 during PMA-induced NET formation ( n = 3). Bovine serum albumin (BSA; 5 mg ml −1 ) was used to back-exchange the NBD-PLs from the outer layer of the PM. PC, phosphatidylcholine; SM, sphingomyelin. NETs were determined by the area of chromatin DNA ( c – e , g ). Each dot represents an individual field of view ( c – e , g ) or a biological replicate ( b , i , j ). Data are represented as mean ± s.e.m. from one representative experiment of three ( a – c , f ) and four ( d , e , g , h – j ) independent experiments. Statistical analysis was performed using a two-way ANOVA ( b – e , g , i , j ). P values are shown on the graphs. Source data"
10-1038-s41591-024-03224-y__fig04_h,/ssd2/liwentao/SciFigureHub/FigureComplexityDataset_3levels_threshold_1_3_4_5_6_10/medium/materials/heatmap/10-1038-s41591-024-03224-y__fig04_h,/ssd2/liwentao/SciFigureHub/FigureComplexityDataset_3levels_threshold_1_3_4_5_6_10/medium/materials/heatmap/10-1038-s41591-024-03224-y__fig04_h/target.png,/ssd2/liwentao/SciFigureHub/FigureComplexityDataset_3levels/medium/materials/heatmap/10-1038-s41591-024-03224-y__fig04_h/target.pdf,/ssd2/liwentao/SciFigureHub/FigureComplexityDataset_3levels_threshold_1_3_4_5_6_10/medium/materials/heatmap/10-1038-s41591-024-03224-y__fig04_h/reproduce_panel.png,/ssd2/liwentao/SciFigureHub/FigureComplexityDataset_3levels/medium/materials/heatmap/10-1038-s41591-024-03224-y__fig04_h/reproduce_panel.pdf,/ssd2/liwentao/SciFigureHub/FigureComplexityDataset_3levels_threshold_1_3_4_5_6_10/medium/materials/heatmap/10-1038-s41591-024-03224-y__fig04_h/reproduce_panel.py,/ssd2/liwentao/SciFigureHub/FigureComplexityDataset_3levels_threshold_1_3_4_5_6_10/medium/materials/heatmap/10-1038-s41591-024-03224-y__fig04_h/description.md,/ssd2/liwentao/SciFigureHub/SciFigure2Code/audits/codex_dataset_audit_first100/10-1038-s41591-024-03224-y__fig04_h/audit.json,/ssd2/liwentao/SciFigureHub/SciFigure2Code/audits/codex_dataset_audit_first100/10-1038-s41591-024-03224-y__fig04_h/prompt.md,/ssd2/liwentao/SciFigureHub/SciFigure2Code/audits/codex_dataset_audit_first100/10-1038-s41591-024-03224-y__fig04_h/static_precheck.json,materials,AI_materials,heatmap,medium,4,Nature Medicine,10.1038/s41591-024-03224-y,,,clean,True,0.94,No meaningful audit issues found; the code builds an editable 13-by-49 heatmap from defined data arrays without loading or tracing the source image.,"This panel shows a drug-target connectivity heatmap for selected COSTAR-predicted drugs, with columns for drugs, rows for target genes, a top strip marking COSTAR-HIT versus COSTAR-NEG compounds, and a side strip distinguishing primary and secondary targets.","Molecular convergence on a neuroactive drug–target connectivity signature predictive of anti-glioblastoma efficacy. a , COSTAR workflow. b , COSTAR network of 127 PCY-tested drugs, 965 ePTGs and 10,573 STGs, connected by 114,517 edges. c , COSTAR method by logistic LASSO regression. See also Methods . d , COSTAR training model performance compared to PCY-based experimental ground truth. e , COSTAR connectivity (solid lines) reveals convergence of NAD (pink) and ONCD (blue) hits to key ePTGs (gray) and STGs (yellow). See Extended Data Fig. 5c for the full model. Additional proteins (white nodes) with high-confidence interactions to STGs (dashed lines) are shown. f , In silico drug screen across 1,120,823 compounds by COSTAR. Compounds are ranked ( x axis) by their predicted PCY-hit probability (COSTAR score; y axis). Predicted drug hits (COSTAR-HIT; mint green) and predicted non-hits (COSTAR-NEG; black) selected for experimental validation are indicated. g , ePTGs ( x axis) ranked by their integrated contribution ‘ C ’ to predict a hit (+1) or a non-hit (−1) ( y axis) in the COSTAR model, separated for COSTAR-HITs (top) and COSTAR-NEGs (bottom) (‘ d ’). h , Drug–target connectivity of select COSTAR-predicted drugs (columns; n = 23 COSTAR-HIT drugs; n = 25 COSTAR-NEG drugs) to primary and secondary drug targets (rows). COSTAR subscore (heatmap color scale) is the LASSO model coefficient multiplied by the integrated connectivity of drug to target mapping. Target genes with absolute COSTAR LASSO coefficients greater than 0.1 are displayed. i , Experimental ex vivo validation by PCY of COSTAR-HIT ( n = 23; mint green) and COSTAR-NEG ( n = 25; black) drugs (columns) across four glioblastoma patient samples (rows) including positive (PCY-hits; pink; n = 3) and negative (PCY-negative; dark gray; n = 1) control drugs. Heatmap color scale indicates the PCY score of glioblastoma cells. One-tailed t -test; *FDR-adjusted P < 0.05. Outliers beyond color scale limits are set to minimum and maximum values. j , Receiver operating characteristic (ROC) curves (gray, n = 4 patients; mint green, mean across patients; red dashed, random classifier) describing the COSTAR validation accuracy in glioblastoma patient samples of the COSTAR-predicted drugs ( n = 48 drugs; corresponding to i ). FPR, false-positive rate; PCY-HIT, PCY-hit; PCY-NEG, PCY-negative; TPR, true-positive rate. Source data"
10-1038-s41591-026-04211-1__fig05_d,/ssd2/liwentao/SciFigureHub/FigureComplexityDataset_3levels_threshold_1_3_4_5_6_10/high/geography/heatmap/10-1038-s41591-026-04211-1__fig05_d,/ssd2/liwentao/SciFigureHub/FigureComplexityDataset_3levels_threshold_1_3_4_5_6_10/high/geography/heatmap/10-1038-s41591-026-04211-1__fig05_d/target.png,/ssd2/liwentao/SciFigureHub/FigureComplexityDataset_3levels/medium/geography/heatmap/10-1038-s41591-026-04211-1__fig05_d/target.pdf,/ssd2/liwentao/SciFigureHub/FigureComplexityDataset_3levels_threshold_1_3_4_5_6_10/high/geography/heatmap/10-1038-s41591-026-04211-1__fig05_d/reproduce_panel.png,/ssd2/liwentao/SciFigureHub/FigureComplexityDataset_3levels/medium/geography/heatmap/10-1038-s41591-026-04211-1__fig05_d/reproduce_panel.pdf,/ssd2/liwentao/SciFigureHub/FigureComplexityDataset_3levels_threshold_1_3_4_5_6_10/high/geography/heatmap/10-1038-s41591-026-04211-1__fig05_d/reproduce_panel.py,/ssd2/liwentao/SciFigureHub/FigureComplexityDataset_3levels_threshold_1_3_4_5_6_10/high/geography/heatmap/10-1038-s41591-026-04211-1__fig05_d/description.md,/ssd2/liwentao/SciFigureHub/SciFigure2Code/audits/codex_dataset_audit_first100/10-1038-s41591-026-04211-1__fig05_d/audit.json,/ssd2/liwentao/SciFigureHub/SciFigure2Code/audits/codex_dataset_audit_first100/10-1038-s41591-026-04211-1__fig05_d/prompt.md,/ssd2/liwentao/SciFigureHub/SciFigure2Code/audits/codex_dataset_audit_first100/10-1038-s41591-026-04211-1__fig05_d/static_precheck.json,geography,geography,heatmap,high,6,Nature Medicine,10.1038/s41591-026-04211-1,,,clean,True,0.94,No meaningful audit issue found; the reproduction uses an editable 22-by-22 heatmap matrix with drawn dendrograms and no source-image dependency.,"This panel is a clustered heatmap comparing fractions of fetal-tissue differential-expression signals detected across graft and in vitro neural model groups. It includes top and side dendrograms, row and column labels, dashed callout boxes highlighting concordant and discordant regions, and a vertical 0-1 blue intensity color scale.","Transplanted human neural cells reveal DS molecular and cellular phenotypes not recapitulated in vitro and emerging at later stages of fetal development. a , Experimental approach for modeling DS neurodevelopment in vivo. b , Mapping of CON and DS excitatory lineage transplanted cells to fetal tissue populations (UMAP plot). c , Cell abundance in CON and DS transplants. Barplot showing individual samples ( n = 8 for CON and n = 4 for DS), mean ± s.d. and FDR for sccomp compositional analyses 71 (other clusters FDR > 0.05). Dotted boxes highlight selected populations: FDR < 0.05 (black) or FDR > 0.05 (gray). d , Fraction of differential genes per cluster in fetal tissue also detected in grafts and in vitro. Comparisons showing concordant changes in fetal tissue versus models, and fraction of discordantly regulated genes in vitro versus fetal tissue are highlighted. DESeq2 analysis for grafts with LRT test by cluster with correction for sequencing technology, threshold P adj < 0.10. e , Expression changes in DS versus CON for genes differentially expressed in fetal tissue and linked to the GO term ‘forebrain development’. The heatmap shows the difference in mean z -scores between DS and CON samples (corrected for sequencing technology) for merged bulk data from in vitro cultures (three to ten RNA samples from wells of paired side-by-side differentiated DS and CON cells per condition from n = 6, 2, 3 and 1 independent differentiation experiments for iNPC_C9_C13, iNPC_DS2U_DS1, iNEU_C9_C13 and iNEU_DS2U_DS1, respectively; Methods and Supplementary Table 5 ) and for each cluster pseudobulk from the graft and fetal tissue analyses (excitatory lineage, PCW10–20). Gray asterisks indicate P adj < 0.10. See also Extended Data Fig. 10 and Supplementary Table 6 ."
10-1038-s41591-026-04303-y__fig01_b,/ssd2/liwentao/SciFigureHub/FigureComplexityDataset_3levels_threshold_1_3_4_5_6_10/medium/environment/box/10-1038-s41591-026-04303-y__fig01_b,/ssd2/liwentao/SciFigureHub/FigureComplexityDataset_3levels_threshold_1_3_4_5_6_10/medium/environment/box/10-1038-s41591-026-04303-y__fig01_b/target.png,/ssd2/liwentao/SciFigureHub/FigureComplexityDataset_3levels/medium/environment/box/10-1038-s41591-026-04303-y__fig01_b/target.pdf,/ssd2/liwentao/SciFigureHub/FigureComplexityDataset_3levels_threshold_1_3_4_5_6_10/medium/environment/box/10-1038-s41591-026-04303-y__fig01_b/reproduce_panel.png,/ssd2/liwentao/SciFigureHub/FigureComplexityDataset_3levels/medium/environment/box/10-1038-s41591-026-04303-y__fig01_b/reproduce_panel.pdf,/ssd2/liwentao/SciFigureHub/FigureComplexityDataset_3levels_threshold_1_3_4_5_6_10/medium/environment/box/10-1038-s41591-026-04303-y__fig01_b/reproduce_panel.py,/ssd2/liwentao/SciFigureHub/FigureComplexityDataset_3levels_threshold_1_3_4_5_6_10/medium/environment/box/10-1038-s41591-026-04303-y__fig01_b/description.md,/ssd2/liwentao/SciFigureHub/SciFigure2Code/audits/codex_dataset_audit_first100/10-1038-s41591-026-04303-y__fig01_b/audit.json,/ssd2/liwentao/SciFigureHub/SciFigure2Code/audits/codex_dataset_audit_first100/10-1038-s41591-026-04303-y__fig01_b/prompt.md,/ssd2/liwentao/SciFigureHub/SciFigure2Code/audits/codex_dataset_audit_first100/10-1038-s41591-026-04303-y__fig01_b/static_precheck.json,environment,environment,box,medium,4,Nature Medicine,10.1038/s41591-026-04303-y,,,clean,True,0.96,"The reproduction uses editable matplotlib boxplots from explicit data arrays, with no direct image loading, raster tracing, or meaningful text/layout failure.","This panel shows two side-by-side grouped boxplot summaries of overall model performance on GNPC, with BCA on the left and AUC on the right across six diagnostic tasks and five model types. The boxplots compare cross-validation fold performance for Control, AD, PD, FTD, ALS and Stroke.","Workflow and overall performance of ProtAIDe-Dx on GNPC. a , Project workflow. (1) Model development on GNPC with tenfold cross-validation procedure. The joint learning framework allows learning of multiple neurodegenerative classification tasks jointly, facilitating shared information during training. (2) Model evaluation on GNPC (blue panels) and BioFINDER-2 cohort (orange panel). Model outputs include not just classifications but also probabilities for each class, and contributing proteins and embeddings can be probed to better understand model choices. (3) Individual neurological disease risk report based on the developed model. b , Overall model performance on GNPC. Left: BCA score for each diagnostic task. Right: AUC score for each diagnostic task. Box plots were drawn across 10 cross-validation folds, showing the median, interquartile range (IQR; 25th to 75th percentiles) and whiskers extending to 1.5× IQR. Two-sided corrected resample t -tests were applied; P values were FDR corrected. c , Normalized AD probabilities stratified by different APOE ε2 / ε4 groups, shown for participants with (lower diagonal) and without (upper diagonal) an AD diagnosis. d , Correlation between normalized AD probabilities and MMSE. Error bands represent the 95% confidence interval of the regression line. e , Receiver operating characteristic (ROC) curve of model generalization to a new task for predicting longitudinal clinical progression (from no cognitive impairment to future cognitive impairment). Shaded regions represent the mean ROC ± 1 s.d. across ten cross-validation folds. Schematic and logo in a created in BioRender; An, L. https://biorender.com/q2by4y5 (2026)."
10-1038-s41591-026-04342-5__fig03_a,/ssd2/liwentao/SciFigureHub/FigureComplexityDataset_3levels_threshold_1_3_4_5_6_10/medium/environment/heatmap/10-1038-s41591-026-04342-5__fig03_a,/ssd2/liwentao/SciFigureHub/FigureComplexityDataset_3levels_threshold_1_3_4_5_6_10/medium/environment/heatmap/10-1038-s41591-026-04342-5__fig03_a/target.png,/ssd2/liwentao/SciFigureHub/FigureComplexityDataset_3levels/medium/environment/heatmap/10-1038-s41591-026-04342-5__fig03_a/target.pdf,/ssd2/liwentao/SciFigureHub/FigureComplexityDataset_3levels_threshold_1_3_4_5_6_10/medium/environment/heatmap/10-1038-s41591-026-04342-5__fig03_a/reproduce_panel.png,/ssd2/liwentao/SciFigureHub/FigureComplexityDataset_3levels/medium/environment/heatmap/10-1038-s41591-026-04342-5__fig03_a/reproduce_panel.pdf,/ssd2/liwentao/SciFigureHub/FigureComplexityDataset_3levels_threshold_1_3_4_5_6_10/medium/environment/heatmap/10-1038-s41591-026-04342-5__fig03_a/reproduce_panel.py,/ssd2/liwentao/SciFigureHub/FigureComplexityDataset_3levels_threshold_1_3_4_5_6_10/medium/environment/heatmap/10-1038-s41591-026-04342-5__fig03_a/description.md,/ssd2/liwentao/SciFigureHub/SciFigure2Code/audits/codex_dataset_audit_first100/10-1038-s41591-026-04342-5__fig03_a/audit.json,/ssd2/liwentao/SciFigureHub/SciFigure2Code/audits/codex_dataset_audit_first100/10-1038-s41591-026-04342-5__fig03_a/prompt.md,/ssd2/liwentao/SciFigureHub/SciFigure2Code/audits/codex_dataset_audit_first100/10-1038-s41591-026-04342-5__fig03_a/static_precheck.json,environment,environment,heatmap,medium,4,Nature Medicine,10.1038/s41591-026-04342-5,,,clean,True,0.93,No meaningful audit issues found; the code builds a small synthetic heatmap matrix and annotation gradients without loading or tracing the target image.,"This panel shows a six-column heatmap of epigenetic age-adjusted DNA methylation beta-values ordered by picloram MRS, with a top direction annotation strip and side legends for direction, beta, and MRS.","A higher picloram MRS is associated with EOCRC. The figure shows the distribution and validation of the picloram MRS employing the genome-wide CpG selection threshold (MRS-GW). a , Heatmap of epigenetic age-adjusted DNA methylation beta-values in TCGA-COAD, ordered by MRS; the top color bar indicates CpG effect direction in the original EWAS. b , Boxplot showing MRS-GW distribution in early- ( N = 31) and late- ( N = 100) onset TCGA-COAD patients, stratified by sex (orange, female; purple, male). c , Forest plot showing sex-adjusted logistic regression results in replication cohorts, their meta-analysis (Replication), and combined discovery and replication, including colon (blue), rectal (purple) and colorectal (red) cancer. d , e , The associations were further adjusted for other MRSs (31 EOCRC versus 100 LOCRC) ( d ) and tumor purity, subdivision (left/right), first-degree family with cancer diagnosis (yes/no), race (White/non-White) and MSI status ( e ). The baseline model (red) includes sex adjustment only; subset analyses show sex-adjusted (M1, orange) and fully adjusted models (M2, blue square). f , Spearman correlation between the 37-gene picloram-specific ssGSEA and the picloram MRS in TCGA-COAD ( P = 2.127845 × 10 −12 ); solid line: linear fit with the shaded area indicating the 95% CI. g , h , The violin plot shows the permutation results, confirming the robustness of CpG selection, patient categorization ( g ) and ssGSEA association ( h ). In the forest plots, squares represent ORs, and lines 95% CIs. Boxplots show median (center line), IQR (box), whiskers (1.5× IQR) and outliers."
10-1038-s41592-026-03057-2__fig04_b,/ssd2/liwentao/SciFigureHub/FigureComplexityDataset_3levels_threshold_1_3_4_5_6_10/low/environment/heatmap/10-1038-s41592-026-03057-2__fig04_b,/ssd2/liwentao/SciFigureHub/FigureComplexityDataset_3levels_threshold_1_3_4_5_6_10/low/environment/heatmap/10-1038-s41592-026-03057-2__fig04_b/target.png,/ssd2/liwentao/SciFigureHub/FigureComplexityDataset_3levels/low/environment/heatmap/10-1038-s41592-026-03057-2__fig04_b/target.pdf,/ssd2/liwentao/SciFigureHub/FigureComplexityDataset_3levels_threshold_1_3_4_5_6_10/low/environment/heatmap/10-1038-s41592-026-03057-2__fig04_b/reproduce_panel.png,/ssd2/liwentao/SciFigureHub/FigureComplexityDataset_3levels/low/environment/heatmap/10-1038-s41592-026-03057-2__fig04_b/reproduce_panel.pdf,/ssd2/liwentao/SciFigureHub/FigureComplexityDataset_3levels_threshold_1_3_4_5_6_10/low/environment/heatmap/10-1038-s41592-026-03057-2__fig04_b/reproduce_panel.py,/ssd2/liwentao/SciFigureHub/FigureComplexityDataset_3levels_threshold_1_3_4_5_6_10/low/environment/heatmap/10-1038-s41592-026-03057-2__fig04_b/description.md,/ssd2/liwentao/SciFigureHub/SciFigure2Code/audits/codex_dataset_audit_first100/10-1038-s41592-026-03057-2__fig04_b/audit.json,/ssd2/liwentao/SciFigureHub/SciFigure2Code/audits/codex_dataset_audit_first100/10-1038-s41592-026-03057-2__fig04_b/prompt.md,/ssd2/liwentao/SciFigureHub/SciFigure2Code/audits/codex_dataset_audit_first100/10-1038-s41592-026-03057-2__fig04_b/static_precheck.json,environment,environment,heatmap,low,3,Nature Methods,10.1038/s41592-026-03057-2,,,clean,True,0.95,No meaningful audit issue found; the code builds an editable 8x8 heatmap from a compact correlation matrix without image dependencies.,"This panel is an 8x8 heat map of Pearson correlations between cell-type-specific peak heights and DeepCCL predictions across several cell lines. It includes a vertical correlation colorbar, a MES-like side annotation, and bottom markers highlighting GBM and melanoma-related classes.","Comparing MES-like states across cancers in cell lines and biopsy samples. a , Overview of the DeepCCL and DeepGlioma model trained on human cancer cell lines and GBM biopsy data, respectively. Created in BioRender; Aerts, S. https://BioRender.com/77yqidq (2025). b , Heat map of Pearson correlations for log-transformed cell-type-specific test-set peak heights and predictions from DeepCCL, separated per cell line. MES-like states are highlighted. c , Comparison of Pearson correlation between log-transformed peaks and predictions per cell line ( n = 8 classes) for DeepCLL (base model and fine-tuned) and an ensemble ChromBPNet model, on all test-set consensus peaks (left) and cell-type-specific peaks (right). P values were derived using a two-sided t -test and corrected using the Benjamini–Hochberg method (* P < 0.05, ** P < 0.01, *** P < 0.001). The exact P values between the pairs (DeepCCL Base, DeepCCL), (DeepCCL Base, ChromBPNet ensemble) and (DeepCCL, ChromBPNet ensemble) for all test-set peaks and cell-type-specific test-set peaks were 0.00037, 1.07609 × 10 −7 , 0.74659 and 0.03053, 0.07177, 0.00016, respectively. d , Highlighted example intronic region in AXL , showing multiple ChIP–seq tracks, cell line ATAC tracks and biopsy topic scATAC tracks (top). Contribution scores for MES-like model classes and an OPC/NPC-like class from the DeepCCL and DeepGlioma models, with ChIP–seq matched motifs highlighted. e , Comparison of log counts of CREsted-identified grouped motif sets between GBM MES-like and melanoma MES-like cell lines for the DeepCCL base model (top) and DeepCCL (bottom). Negatively contributing patterns were given a negative count. f , t -SNEs based on pycisTopic’s topic-cell contributions of human biopsy cells, colored by patient sample (left) and topic probability for a set of topics (right). g , Contribution score Spearman correlation between contribution scores obtained from the DeepCCL and DeepGlioma model per model class for the top 1,000 most specific regions per cell line and per topic. h , i , Heat maps of identified motifs in top 2,000 regions for DeepCCL and DeepGlioma classes. The color scale indicates motif importance, represented by the log-transformed pattern count. Negatively contributing motifs were given negative importance values. Motifs were manually annotated. For box plots in c , the top/lower hinge represents the upper/lower quartile, and whiskers extend from the hinge to the largest/smallest value no further than 1.5 times the interquartile range from the hinge, respectively. The median is used as the center."
10-1038-s41594-026-01757-z__fig03_h,/ssd2/liwentao/SciFigureHub/FigureComplexityDataset_3levels_threshold_1_3_4_5_6_10/low/geography/multi_line/10-1038-s41594-026-01757-z__fig03_h,/ssd2/liwentao/SciFigureHub/FigureComplexityDataset_3levels_threshold_1_3_4_5_6_10/low/geography/multi_line/10-1038-s41594-026-01757-z__fig03_h/target.png,/ssd2/liwentao/SciFigureHub/FigureComplexityDataset_3levels/low/geography/multi_line/10-1038-s41594-026-01757-z__fig03_h/target.pdf,/ssd2/liwentao/SciFigureHub/FigureComplexityDataset_3levels_threshold_1_3_4_5_6_10/low/geography/multi_line/10-1038-s41594-026-01757-z__fig03_h/reproduce_panel.png,/ssd2/liwentao/SciFigureHub/FigureComplexityDataset_3levels/low/geography/multi_line/10-1038-s41594-026-01757-z__fig03_h/reproduce_panel.pdf,/ssd2/liwentao/SciFigureHub/FigureComplexityDataset_3levels_threshold_1_3_4_5_6_10/low/geography/multi_line/10-1038-s41594-026-01757-z__fig03_h/reproduce_panel.py,/ssd2/liwentao/SciFigureHub/FigureComplexityDataset_3levels_threshold_1_3_4_5_6_10/low/geography/multi_line/10-1038-s41594-026-01757-z__fig03_h/description.md,/ssd2/liwentao/SciFigureHub/SciFigure2Code/audits/codex_dataset_audit_first100/10-1038-s41594-026-01757-z__fig03_h/audit.json,/ssd2/liwentao/SciFigureHub/SciFigure2Code/audits/codex_dataset_audit_first100/10-1038-s41594-026-01757-z__fig03_h/prompt.md,/ssd2/liwentao/SciFigureHub/SciFigure2Code/audits/codex_dataset_audit_first100/10-1038-s41594-026-01757-z__fig03_h/static_precheck.json,geography,geography,multi_line,low,3,Nature Structural & Molecular Biology,10.1038/s41594-026-01757-z,,,clean,True,0.96,"No meaningful audit issues found: the code builds editable metagene line plots from synthetic curve arrays without image dependencies, and the rendered labels remain readable.","This panel shows two strand-specific metagene line plots across chimeric LTRs: stable RNA on the left and nascent RNA on the right. Each plot compares WT versus Exosc3 cKO and separates promoters by differential RNAPII enrichment state, with shaded s.e.m. bands around the mean curves.","Transcription-coupled RNA degradation suppresses TE-chimeras. a , Bar plots displaying number of TE-derived promoters, grouped by TE class. b , Scatter plots displaying promoter activities in WT and Exosc3 cKO, grouped by promoter type. c , Bar plots displaying number of LTR-derived promoters, grouped by LTR family. d , Box plot displaying promoter activities in WT and Exosc3 cKO, grouped by LTR family ( n = 25, 142, 500 and 168 for ERV1, ERVK, ERVL and ERVL-MaLR, respectively). Gypsy was discarded because of a small number of promoters detected in c . The box hinges represent the 25th and 75th percentiles and the middle line represents the median. Whiskers extend from the hinges to the most extreme values within 1.5× the interquartile range. Data beyond these limits are outliers. Asterisks represent statistically significant differences based on a paired, two-sided Wilcoxon signed-rank test ( P = 1.336401 × 10 −1 , 3.122109 × 10 −10 , 4.482375 × 10 −81 and 6.809815 × 10 −13 for ERV1, ERVK, ERVL and ERVL-MaLR, respectively). e , Pie charts displaying proportions of LTR promoters grouped by differential RNAPII enrichment in Exosc3 cKO relative to WT. f , g , Genome browser snapshots displaying RNAPII (8WG16) ChIP-seq and short-read total input RNA-seq pileups for WT and Exosc3 cKO, alongside known and novel isoforms identified from the PacBio Iso-seq and the genomic location of TEs in the mouse mm10 genome. A novel isoform for Nelfa ( f ) and a novel gene ( g ) derived from LTRs and upregulation in Exosc3 cKO are shown. h , Strand-specific metagene plots of stable RNA (from RNA-seq) (left) and nascent RNA (from metabolic labeling) (right) across chimeric LTRs, grouped by differential RNAPII enrichment state upon Exosc3 cKO. The s.e.m. is shown as a shaded area around the mean curve."
10-1038-s42255-026-01498-9__fig01_d,/ssd2/liwentao/SciFigureHub/FigureComplexityDataset_3levels_threshold_1_3_4_5_6_10/medium/environment/density/10-1038-s42255-026-01498-9__fig01_d,/ssd2/liwentao/SciFigureHub/FigureComplexityDataset_3levels_threshold_1_3_4_5_6_10/medium/environment/density/10-1038-s42255-026-01498-9__fig01_d/target.png,/ssd2/liwentao/SciFigureHub/FigureComplexityDataset_3levels/medium/environment/density/10-1038-s42255-026-01498-9__fig01_d/target.pdf,/ssd2/liwentao/SciFigureHub/FigureComplexityDataset_3levels_threshold_1_3_4_5_6_10/medium/environment/density/10-1038-s42255-026-01498-9__fig01_d/reproduce_panel.png,/ssd2/liwentao/SciFigureHub/FigureComplexityDataset_3levels/medium/environment/density/10-1038-s42255-026-01498-9__fig01_d/reproduce_panel.pdf,/ssd2/liwentao/SciFigureHub/FigureComplexityDataset_3levels_threshold_1_3_4_5_6_10/medium/environment/density/10-1038-s42255-026-01498-9__fig01_d/reproduce_panel.py,/ssd2/liwentao/SciFigureHub/FigureComplexityDataset_3levels_threshold_1_3_4_5_6_10/medium/environment/density/10-1038-s42255-026-01498-9__fig01_d/description.md,/ssd2/liwentao/SciFigureHub/SciFigure2Code/audits/codex_dataset_audit_first100/10-1038-s42255-026-01498-9__fig01_d/audit.json,/ssd2/liwentao/SciFigureHub/SciFigure2Code/audits/codex_dataset_audit_first100/10-1038-s42255-026-01498-9__fig01_d/prompt.md,/ssd2/liwentao/SciFigureHub/SciFigure2Code/audits/codex_dataset_audit_first100/10-1038-s42255-026-01498-9__fig01_d/static_precheck.json,environment,environment,density,medium,4,Nature Metabolism,10.1038/s42255-026-01498-9,,,clean,True,0.93,"No meaningful audit issues found; the code generates editable synthetic density curves without loading or tracing the source image, and text remains readable.","This panel shows seven small density plots comparing DNA methylation distributions in alpha and beta cells across genomic regions: 1-5 kb, promoters, 5' UTR, exons, introns, 3' UTR, and intergenic regions. Each subplot includes blue and red density curves with vertical mean-methylation reference lines and in-panel mean percentage annotations.","Analysis of global DNA methylome in human alpha and beta cells. a , Workflow for the current study. Human pancreatic islets from 24 donors with or without T2D were used for sorting of alpha and beta cells after staining for glucagon and insulin. WGBS and RNA-seq were used to analyse the methylome and transcriptome in sorted alpha and beta cells. Bioinformatic analyses were used to identify differential DNA methylation and gene expression. Follow-up experiments were done in human islets, EndoC-βH1 cells, INS-1 beta cells and GK rats, by epigenetic editing, analysing gene expression, insulin secretion and metabolism. b , Filtering islet samples for WGBS and RNA-seq. The Lund University Diabetes Centre (LUDC) islet sorting cohort consists of alpha and beta cells sorted from 24 human islet donors. Based on samples with enough DNA, WGBS was performed on sorted alpha and beta cells from 11 and 14 islet preparations, respectively. Among WGBS samples passing quality control (one alpha cell sample did not), 3 donors had pre-T2D/T2D (both alpha and beta cell), and 7 (alpha cell) and 11 (beta cell) were controls. RNA-seq was performed on sorted alpha and beta cells from 22 and 24 islet preparations, respectively. Among RNA-seq samples passing quality control (two beta cell samples did not), 7 donors had pre-T2D/T2D and 15 were controls (both alpha cells and beta cells). c , Density plot showing the global methylome of human alpha (mean 76.1%) and beta (mean 77.2%; n = 7 donors) cells. Peaks near 0% and 100% methylation. d , e , Density plots showing the degree of DNA methylation in alpha and beta cells in different genomic ( d ) and CpG island ( e ) regions. d , The region 1 to 5 kilobase pairs (kb) upstream of the transcription start site (TSS) had mean methylation levels of 66.7% (alpha cells) and 67.0% (beta cells). Promoters (1,000 bp upstream of TSS) had mean methylation levels of 25.5% (alpha cells) and 25.4% (beta cells). 5’ UTRs had mean methylation levels of 13.5% (alpha cells) and 13.1% (beta cells). Exons had mean methylation levels of 62.4% (alpha cells) and 62.2% (beta cells). Introns had mean methylation levels of 79.8% (alpha cells) and 79.9% (beta cells). 3’ UTRs had mean methylation levels of 80.6% (alpha cells) and 80.0% (beta cells). Intergenic regions had mean methylation levels of 78.1% (alpha cells) and 80.2% (beta cells). e , The mean degree of DNA methylation of Shelves (81.9% in alpha and 82.6% in beta cells), Shores (62.2% in alpha and 62.4% in beta cells), CpG islands (15.8% in alpha and in beta cells) and Open sea (82.4% in alpha and 83.7% in beta cells). A CpG island is defined as a ≥200-bp-long stretch of DNA with a CG content of ≥50% and an observed CpG/expected CpG in excess of 0.6. The Shores are the 2-kb flanking regions of CpG islands, the Shelves are the 2-kb regions outside island shores, and the Open Sea is everything else. f , g , Average DNA methylation levels, using the WGBS data, in different gene regions of genes divided according to expression level (no, low, medium and high expression) in alpha ( f ; n = 7 donors) and beta cells ( g ; n = 11 donors), respectively. The WGBS data were analysed by dmrseq 25 , and the Friedman rank-sum test was used to test differences in the average DNA methylation levels between the groups. Data are presented as the mean ± s.e.m.; for f , *** P 1-5kb = 0.000105, P promoters = 0.000105, P 5’ UTR = 0.000105, P exons = 0.000105, P introns = 0.000172, P 3’ UTR = 0.000105; for g , *** P 1–5 kb = 0.000000835, P promoters = 0.000000322, P 5’ UTR = 0.000000322, P exons = 0.000000835, P introns = 0.000000322, P 3’ UTR = 0.000000322, as analysed by two-sided Friedman rank-sum tests, not corrected for multiple testing. The vertical lines in c – e represent the mean DNA methylation. Schematic in a created in BioRender; Ofori, J. https://biorender.com/h6zumch (2026). Source data"
10-1038-s43016-025-01286-w__fig02_a,/ssd2/liwentao/SciFigureHub/FigureComplexityDataset_3levels_threshold_1_3_4_5_6_10/medium/geography/scatter_with_fit/10-1038-s43016-025-01286-w__fig02_a,/ssd2/liwentao/SciFigureHub/FigureComplexityDataset_3levels_threshold_1_3_4_5_6_10/medium/geography/scatter_with_fit/10-1038-s43016-025-01286-w__fig02_a/target.png,/ssd2/liwentao/SciFigureHub/FigureComplexityDataset_3levels/medium/geography/scatter_with_fit/10-1038-s43016-025-01286-w__fig02_a/target.pdf,/ssd2/liwentao/SciFigureHub/FigureComplexityDataset_3levels_threshold_1_3_4_5_6_10/medium/geography/scatter_with_fit/10-1038-s43016-025-01286-w__fig02_a/reproduce_panel.png,/ssd2/liwentao/SciFigureHub/FigureComplexityDataset_3levels/medium/geography/scatter_with_fit/10-1038-s43016-025-01286-w__fig02_a/reproduce_panel.pdf,/ssd2/liwentao/SciFigureHub/FigureComplexityDataset_3levels_threshold_1_3_4_5_6_10/medium/geography/scatter_with_fit/10-1038-s43016-025-01286-w__fig02_a/reproduce_panel.py,/ssd2/liwentao/SciFigureHub/FigureComplexityDataset_3levels_threshold_1_3_4_5_6_10/medium/geography/scatter_with_fit/10-1038-s43016-025-01286-w__fig02_a/description.md,/ssd2/liwentao/SciFigureHub/SciFigure2Code/audits/codex_dataset_audit_first100/10-1038-s43016-025-01286-w__fig02_a/audit.json,/ssd2/liwentao/SciFigureHub/SciFigure2Code/audits/codex_dataset_audit_first100/10-1038-s43016-025-01286-w__fig02_a/prompt.md,/ssd2/liwentao/SciFigureHub/SciFigure2Code/audits/codex_dataset_audit_first100/10-1038-s43016-025-01286-w__fig02_a/static_precheck.json,geography,geography,scatter_with_fit,medium,4,Nature Food,10.1038/s43016-025-01286-w,,,clean,True,0.95,"No meaningful QC issue found; the code uses editable scatter/line data arrays without loading source images, and the reproduced text remains readable.","This panel shows wheat yield versus year for the Northeast region of the Netherlands, with four colored scatter series representing model, trial, province, and country yields. Linear trend lines summarize yield gains over time for each series.","Yield gains due to genetic improvement, historical climate change and agronomic management in high-yielding environments of the Netherlands. a – c , Key production regions include the northeast ( a ), central ( b ) and southwest ( c ) regions of the Netherlands. Ya at regional and national levels was obtained from the National Statistics Bureau of the Netherlands. Linear fits to the best linear unbiased estimates for individual cultivars in official variety trials provide a proxy for yield gains due to genetic improvement, and linear fits to the Yp simulated with the crop model WOFOST for a modern wheat cultivar released in 2009 provide a proxy for yield gains due to historical climate change. Values in the legend refer to yield gains per year. Yield gains due to historical climate change and agronomic management under water-limited conditions and for old and modern cultivars are provided in Supplementary Table 3 . d , Yield gains estimated for the 1994–2016 period. All directly estimated trends for the 1994–2016 period were statistically significant ( P ≤ 0.05), except for the actual yield trend in the central region ( P ≤ 0.10) and the actual and climate yield trends in the southwest region ( P > 0.10). Trends in nitrogen recommendations for wheat in the case study regions are provided in Supplementary Fig. 4 . Source data"
10-1038-s43587-025-01016-8__fig03_i,/ssd2/liwentao/SciFigureHub/FigureComplexityDataset_3levels_threshold_1_3_4_5_6_10/medium/biology/heatmap/10-1038-s43587-025-01016-8__fig03_i,/ssd2/liwentao/SciFigureHub/FigureComplexityDataset_3levels_threshold_1_3_4_5_6_10/medium/biology/heatmap/10-1038-s43587-025-01016-8__fig03_i/target.png,/ssd2/liwentao/SciFigureHub/FigureComplexityDataset_3levels/medium/biology/heatmap/10-1038-s43587-025-01016-8__fig03_i/target.pdf,/ssd2/liwentao/SciFigureHub/FigureComplexityDataset_3levels_threshold_1_3_4_5_6_10/medium/biology/heatmap/10-1038-s43587-025-01016-8__fig03_i/reproduce_panel.png,/ssd2/liwentao/SciFigureHub/FigureComplexityDataset_3levels/medium/biology/heatmap/10-1038-s43587-025-01016-8__fig03_i/reproduce_panel.pdf,/ssd2/liwentao/SciFigureHub/FigureComplexityDataset_3levels_threshold_1_3_4_5_6_10/medium/biology/heatmap/10-1038-s43587-025-01016-8__fig03_i/reproduce_panel.py,/ssd2/liwentao/SciFigureHub/FigureComplexityDataset_3levels_threshold_1_3_4_5_6_10/medium/biology/heatmap/10-1038-s43587-025-01016-8__fig03_i/description.md,/ssd2/liwentao/SciFigureHub/SciFigure2Code/audits/codex_dataset_audit_first100/10-1038-s43587-025-01016-8__fig03_i/audit.json,/ssd2/liwentao/SciFigureHub/SciFigure2Code/audits/codex_dataset_audit_first100/10-1038-s43587-025-01016-8__fig03_i/prompt.md,/ssd2/liwentao/SciFigureHub/SciFigure2Code/audits/codex_dataset_audit_first100/10-1038-s43587-025-01016-8__fig03_i/static_precheck.json,biology,AI_biology,heatmap,medium,5,Nature Aging,10.1038/s43587-025-01016-8,,,clean,True,0.94,No meaningful audit issue found; the reproduction uses explicit heatmap matrices with Matplotlib plotting primitives and has only acceptable dense labeling.,"This panel is a two-block heatmap showing associations of selected proteins and brain-expression measures with age and Alzheimer's disease across plasma, bulk brain RNA, and multiple brain-cell-type scRNA readouts. Cells are colored by beta coefficient and annotated with significance asterisks, with row labels on the right and a slim beta colorbar.","Brain and peripheral organ aging in cognitive decline and NDs. a , Associations of brain and peripheral organ (organismal, artery and heart) aging (age gaps) with baseline cognitive function in participants without NDs at baseline ( n = 43,141). Associations were estimated by linear regression and presented as β coefficients. Higher reaction times and lower scores in visual memory, fluid intelligence and numerical memory indicate poorer cognitive function. b , Associations of brain and peripheral organ aging with the risk of transitioning from cognitively healthy to MCI (defined as a global cognitive score 1.5 s.d. below the education-adjusted baseline mean in healthy participants) over 8 years of follow-up ( n = 39,684). Associations were estimated by logistic regression and presented as ORs. c , Associations of brain and peripheral organ aging with incident NDs and all-cause mortality in participants with baseline MCI over 13 years of follow-up ( n = 3,337). d , Associations of brain and peripheral organ aging with incident NDs and all-cause mortality in healthy participants over 13 years of follow-up ( n = 43,616). e , Associations between multiple markers (brain age gap, APOE ε4 heterozygotes, AD PRS, age, cognitive function, GDF15 and APOE protein) and the risk of incident AD over 13 years of follow-up ( n = 43,616; 611 events for AD). Associations in c – e were estimated using Cox models and presented as HRs. Squares/circles represent effect sizes ( β coefficients, ORs or HRs), and error bars indicate the corresponding 95% CIs in a – e . f , Cumulative incidence curves of AD across combined levels of brain age gap and AD PRS. Participants were grouped into five bins based on the combined standardized scores: bin −2 (<−1.5 s.d.), bin −1 (−1.5 to −0.5 s.d.), bin 0 (−0.5 to +0.5 s.d.), bin +1 (+0.5 to +1.5 s.d.) and bin +2 (>+1.5 s.d.). The displayed HR reflects the AD risk per 1-s.d. increase in the combined scores. g , Relative importance of individual proteins in predicting specific disease outcomes. For each disease, Cox models included the top 20 proteins in the brain aging clock, adjusting for covariates. In the left panel, the associations between each protein and incident disease are colored by z -score, with z -scores for associations with a P value of ≥0.05 set to 0. In the right panel, the relative importance of proteins significantly associated with each outcome is displayed. This was calculated as the proportion of each protein’s absolute z -scored β coefficient relative to the total sum of absolute z -scored β coefficients for all proteins significantly associated with the given disease. h , scRNA expression profiles of the top 20 brain aging proteins in the human brain 40 . Mean normalized expression levels are shown across different cell types. Proteins enriched in the GO pathways GO:0099177 (regulation of trans-synaptic signaling) and GO:0061564 (axon development) are denoted in black. Proteins associated with two or more neuropsychiatric diseases are denoted in green. i , Associations of protein levels, bulk RNA expression and scRNA expression with age and AD for key proteins involved in brain aging and dementia risk across tissues (plasma and brain). Associations of plasma protein levels with age or AD were assessed in the UKB ( n = 43,616) using linear regression (for age) and Cox models (for incident AD). Associations between gene expression in brain tissue and AD were evaluated using logistic regression based on data from ref. 84 . Results were reported as β coefficients. All models were adjusted for age, sex, ethnicity, Townsend deprivation index, smoking, physical activity level and recruitment center in the UKB. All statistical tests are two-sided. The Benjamini–Hochberg FDR was used to correct for multiple comparisons. The asterisks denote FDR-adjusted P -value thresholds: * q < 0.05; ** q < 0.01; *** q < 0.001. HC, healthy control."
10-1038-s43587-026-01108-z__fig01_c,/ssd2/liwentao/SciFigureHub/FigureComplexityDataset_3levels_threshold_1_3_4_5_6_10/low/environment/box/10-1038-s43587-026-01108-z__fig01_c,/ssd2/liwentao/SciFigureHub/FigureComplexityDataset_3levels_threshold_1_3_4_5_6_10/low/environment/box/10-1038-s43587-026-01108-z__fig01_c/target.png,/ssd2/liwentao/SciFigureHub/FigureComplexityDataset_3levels/low/environment/box/10-1038-s43587-026-01108-z__fig01_c/target.pdf,/ssd2/liwentao/SciFigureHub/FigureComplexityDataset_3levels_threshold_1_3_4_5_6_10/low/environment/box/10-1038-s43587-026-01108-z__fig01_c/reproduce_panel.png,/ssd2/liwentao/SciFigureHub/FigureComplexityDataset_3levels/low/environment/box/10-1038-s43587-026-01108-z__fig01_c/reproduce_panel.pdf,/ssd2/liwentao/SciFigureHub/FigureComplexityDataset_3levels_threshold_1_3_4_5_6_10/low/environment/box/10-1038-s43587-026-01108-z__fig01_c/reproduce_panel.py,/ssd2/liwentao/SciFigureHub/FigureComplexityDataset_3levels_threshold_1_3_4_5_6_10/low/environment/box/10-1038-s43587-026-01108-z__fig01_c/description.md,/ssd2/liwentao/SciFigureHub/SciFigure2Code/audits/codex_dataset_audit_first100/10-1038-s43587-026-01108-z__fig01_c/audit.json,/ssd2/liwentao/SciFigureHub/SciFigure2Code/audits/codex_dataset_audit_first100/10-1038-s43587-026-01108-z__fig01_c/prompt.md,/ssd2/liwentao/SciFigureHub/SciFigure2Code/audits/codex_dataset_audit_first100/10-1038-s43587-026-01108-z__fig01_c/static_precheck.json,environment,environment,box,low,3,Nature Aging,10.1038/s43587-026-01108-z,,,clean,True,0.95,"No meaningful audit issues found; the reproduction uses editable matplotlib primitives and explicit data arrays without image loading, raster tracing, or problematic text overlap.","This panel shows hippocampal ULK1/actin values across three age groups, with a prominent Young box-and-points distribution and near-zero Middle and Old point groups. Two vertical p-value annotations under a shared top bracket compare the groups.","ULK1 decreases with age and in AD. a , Serum ULK1 (pg ml −1 ) was quantified in CU study participants at baseline ( n = 21) and 4 years later ( n = 21). n = number of study participants per experimental group. b , CSF ULK1 (pg ml −1 ) was quantified in CU controls at baseline ( n = 22) and 4 years later ( n = 22). c , Changes of hippocampal ULK1 in different age groups. Post-mortem hippocampal samples from young, middle-aged and old people ( n = 8 per group). Original WB data are provided in Extended Data Fig. 1a . d , Tissue sections (7 µm) were prepared from HIP of human post-mortem brain tissues from middle-aged and old groups. Slides were stained for ULK1 (green), MAP2 (red) and DAPI (blue). Scale bars, 20 μm. e , f , Quantification of immunofluorescent signals in tissues ( d ) in two ways, including with the data presented as ULK1-positive (ULK1 + ) neurons/total neurons ( e ) or signal intensity per neuron ( f ) ( n = 4 and 6). g , Bar chart comparing serum ULK1 (ln transformed pg ml −1 ) in CU, AD-MCI and AD-dementia patients. Data points were subjected to ln transformation to correct for skewed data distribution. n = number of participants per group. (Age, years ± s.d., min–max: CU, 71.8 ± 6.4, 64–89 years; AD-MCI, 70.6 ± 5.4, 52–81 years; AD-dementia, 69.7 ± 6.7, 49–84 years.) h , Box plots showing changes of CSF ULK1 in designated groups. (Age, years ± s.d., min–max: CU, 72.2 ± 6.4, 64–89 years; AD-MCI, 70.7 ± 5.9, 49–81 years; AD-dementia, 70.2 ± 6.4, 49–84 years.) i , Heat map for relative abundance of ULK1 small nuclear RNA (snRNA) stratified by Braak stages (0–2, 3–4, 5–6) and brain cell types. Data represent single-nucleus RNA samples prepared from post-mortem human brain. j , k , Changes of neuronal ULK1 expression between old control and AD hippocampal tissues. ULK1 (green), MAP2 (red) and DAPI (blue). A representative set of images ( j ) and quantified data in the form of ULK1-positive (ULK1 + ) neurons/total neurons ( k ) ( n = 6 and 7). Scale bars, 20 μm ( j ). l , CDR-SB data showing that higher ULK1 correlates with slower AD progression. CSF ULK1 was measured at baseline and the patient cohort stratified into subgroups with low (50 pg ml −1 ), medium (150 pg ml −1 ) or high (250 pg ml −1 ) expression of ULK1. CDR-SB protocol was administered at 1-, 3- or 5-year follow-up assessment. The graph shows linear regression for CDR-SB score versus time. Unless specified elsewhere, data are mean ± s.e.m. Statistical analyses used were as follows: paired t -test ( a , b ), two-sided unpaired two-tailed Student’s t -test ( e , f , k ). One-way ANOVA followed by Dunnett’s multiple comparisons test ( c ) and by Tukey’s multiple comparisons test ( g, h ) and Wilcoxon test ( i ). Oli., oligodendrocytes; Ex., excitatory neurons; In., inhibitory neurons; Ast., astrocytes; Opc., oligodendrocyte progenitor cells; Mic., microglia; CI, confidence interval. * P < 0.05, ** P < 0.01, *** P < 0.001. Source data"
10-1038-s43587-026-01123-0__fig04_a,/ssd2/liwentao/SciFigureHub/FigureComplexityDataset_3levels_threshold_1_3_4_5_6_10/low/environment/other_data_display/10-1038-s43587-026-01123-0__fig04_a,/ssd2/liwentao/SciFigureHub/FigureComplexityDataset_3levels_threshold_1_3_4_5_6_10/low/environment/other_data_display/10-1038-s43587-026-01123-0__fig04_a/target.png,/ssd2/liwentao/SciFigureHub/FigureComplexityDataset_3levels/low/environment/other_data_display/10-1038-s43587-026-01123-0__fig04_a/target.pdf,/ssd2/liwentao/SciFigureHub/FigureComplexityDataset_3levels_threshold_1_3_4_5_6_10/low/environment/other_data_display/10-1038-s43587-026-01123-0__fig04_a/reproduce_panel.png,/ssd2/liwentao/SciFigureHub/FigureComplexityDataset_3levels/low/environment/other_data_display/10-1038-s43587-026-01123-0__fig04_a/reproduce_panel.pdf,/ssd2/liwentao/SciFigureHub/FigureComplexityDataset_3levels_threshold_1_3_4_5_6_10/low/environment/other_data_display/10-1038-s43587-026-01123-0__fig04_a/reproduce_panel.py,/ssd2/liwentao/SciFigureHub/FigureComplexityDataset_3levels_threshold_1_3_4_5_6_10/low/environment/other_data_display/10-1038-s43587-026-01123-0__fig04_a/description.md,/ssd2/liwentao/SciFigureHub/SciFigure2Code/audits/codex_dataset_audit_first100/10-1038-s43587-026-01123-0__fig04_a/audit.json,/ssd2/liwentao/SciFigureHub/SciFigure2Code/audits/codex_dataset_audit_first100/10-1038-s43587-026-01123-0__fig04_a/prompt.md,/ssd2/liwentao/SciFigureHub/SciFigure2Code/audits/codex_dataset_audit_first100/10-1038-s43587-026-01123-0__fig04_a/static_precheck.json,environment,environment,other_data_display,low,3,Nature Aging,10.1038/s43587-026-01123-0,,,clean,True,0.95,"No meaningful audit issue found; the script reconstructs the Venn-style panel with editable matplotlib ellipses, legend elements, and count labels without image dependency or raster tracing.",This panel shows a four-set Venn/Euler-style diagram comparing APOE4- and APOE2-associated protein groups and protein-to-AD mediator subsets. Each overlap region is annotated with a count and explained by a four-item legend.,"Asymmetric proteomic signatures of APOE4 and APOE2 . a , Venn plot shows proteins mediating APOE4 ’s effect of AD diagnosis and their association with APOE2 , and proteins mediating APOE2 ’s effect on AD diagnosis and their association with APOE4 . b , d , e , Boxplots show protein level comparison between different APOE genotype groups for APOE4 or APOE2 related mediators ( b , left, for ε4 dominated mediators: SPC25 and LRRN1; right, for ε2 dominated mediators: UNG and PCLAF), and for early dysregulated proteins that are opposingly ( d ) or similarly ( e ) regulated by both alleles in the CU group ( N = 2,069 individuals). On the box plots, the y axis represents residual protein levels after adjusting for age, sex, mean protein level, and cohorts. The center line of each box indicates the median (50th percentile); the lower and upper edges of the box represent the 25th and 75th percentiles, respectively. Whiskers extend to the most extreme values within 1.5 times the interquartile range (IQR); data points beyond this range are considered outliers and have been excluded from the plot display. The x axis represents APOE genotype; ε2/ε2 and ε2/ε3 carriers were merged into the “22/23” group due to a small sample size of ε2/ε2 carriers. Group differences were assessed using two-sided Welch’s t -tests, and P values were adjusted for multiple comparisons using the Holm–Bonferroni method. Pairwise comparisons were performed across all groups, but only significant adjusted P values are shown. c , Heat map shows proteins significantly altered by both APOE4 and APOE2 in CU individuals. Cell color indicates the effect size of APOE4 (column 1) and APOE2 (column 2) extracted from linear models adjusted for age, sex, mean protein level, and cohorts. Asterisks (*+) denote FDR-corrected significance of the effect sizes. Only proteins with average absolute effect size > 0.2 are shown. “✩” denotes opposite effect directions between APOE4 and APOE2 . Red, blue, and purple labels indicate AD mediator proteins for APOE4 , APOE2 , or both, respectively. See Source Data Fig. 4 for detailed statistical summary. Source data"
10-1038-s43587-026-01123-0__fig05_a,/ssd2/liwentao/SciFigureHub/FigureComplexityDataset_3levels_threshold_1_3_4_5_6_10/low/environment/dot_plot/10-1038-s43587-026-01123-0__fig05_a,/ssd2/liwentao/SciFigureHub/FigureComplexityDataset_3levels_threshold_1_3_4_5_6_10/low/environment/dot_plot/10-1038-s43587-026-01123-0__fig05_a/target.png,/ssd2/liwentao/SciFigureHub/FigureComplexityDataset_3levels/low/environment/dot_plot/10-1038-s43587-026-01123-0__fig05_a/target.pdf,/ssd2/liwentao/SciFigureHub/FigureComplexityDataset_3levels_threshold_1_3_4_5_6_10/low/environment/dot_plot/10-1038-s43587-026-01123-0__fig05_a/reproduce_panel.png,/ssd2/liwentao/SciFigureHub/FigureComplexityDataset_3levels/low/environment/dot_plot/10-1038-s43587-026-01123-0__fig05_a/reproduce_panel.pdf,/ssd2/liwentao/SciFigureHub/FigureComplexityDataset_3levels_threshold_1_3_4_5_6_10/low/environment/dot_plot/10-1038-s43587-026-01123-0__fig05_a/reproduce_panel.py,/ssd2/liwentao/SciFigureHub/FigureComplexityDataset_3levels_threshold_1_3_4_5_6_10/low/environment/dot_plot/10-1038-s43587-026-01123-0__fig05_a/description.md,/ssd2/liwentao/SciFigureHub/SciFigure2Code/audits/codex_dataset_audit_first100/10-1038-s43587-026-01123-0__fig05_a/audit.json,/ssd2/liwentao/SciFigureHub/SciFigure2Code/audits/codex_dataset_audit_first100/10-1038-s43587-026-01123-0__fig05_a/prompt.md,/ssd2/liwentao/SciFigureHub/SciFigure2Code/audits/codex_dataset_audit_first100/10-1038-s43587-026-01123-0__fig05_a/static_precheck.json,environment,environment,dot_plot,low,3,Nature Aging,10.1038/s43587-026-01123-0,,,clean,True,0.95,"No meaningful audit issue found; the code builds an editable matplotlib dot plot from explicit data arrays without image dependencies, and the rendered labels are readable without damaging overlap or clipping.","This panel is a horizontal dot plot of mediation proportions with 95% confidence intervals for ten proteins associated with the APOE4 effect on AD diagnosis. Significant mediators are shown as red points with red horizontal error bars, with SPC25 highlighted among the y-axis labels.","Identification of mediators for Aβ status in the BioFINDER-2 plasma SomaLogic cohort. a , c , Dot plots with error bars show mediation proportions and 95% confidence intervals for proteins classified as upstream mediators of the APOE4 effect on AD diagnosis ( a , N = 998 individuals) or Aβ status ( c , N = 1,282 individuals). The x axis shows the mediation proportion (%) for each protein. Red dots indicate significant mediation proportions, and horizontal lines indicate the corresponding 95% confidence intervals. Bold labels denote full mediation, and red labels denote mediators replicated in the GNPC cohort. b , d , The box plots show residual protein levels ( y axis, after adjusting for age, sex, and mean protein level) grouped by APOE genotypes for APOE2 -related Aβ mediators ( b ) and APOE4 -related Aβ mediators ( d ) in the Aβ − group ( N = 715 individuals). The center line of each box indicates the median (50th percentile); the lower and upper edges of the box represent the 25th and 75th percentiles, respectively. Whiskers extend to the most extreme values within 1.5 times the IQR; data points beyond this range are considered outliers and have been excluded from the plot display. The x axis represents APOE genotype; ε2/ε2 and ε2/ε3 carriers were merged into the “22/23” group due to a small sample size of ε2/ε2 carriers. Group differences were assessed using two-sided Welch’s t -tests, and P values were adjusted for multiple comparisons using the Holm–Bonferroni method. Pairwise comparisons were performed across all groups, but only significant adjusted P values are shown. e , The interaction plot shows the interaction between APOE4 carrier status (0, noncarriers (ε3/ε3); 1, carriers) and S100A13 protein level in predicting Aβ status in CU and MCI groups ( N = 1,038 individuals). Lines represent estimated Aβ status across APOE4 groups at three levels of S100A13 levels: one standard deviation below the mean (−1 s.d., dashed brown), the mean (dashed red), and one standard deviation above the mean (+1 s.d., solid gray). f , Heat map of standardized regression coefficients ( β ) for associations between APOE -associated proteins ( x axis) and AD-related features ( y axis; tau PET in the temporal meta-ROI, Aβ PET, temporal lobe cortical thickness, MMSE, and mPACC) in Aβ − individuals ( N = 715). Standardized β and significance were estimated in linear models with adjustment for age, sex, and mean protein level. Only proteins significantly associated with at least one feature are shown. g , The same analysis in Aβ + individuals ( N = 706). In f and g , red indicates positive associations, and blue indicates negative associations, with darker shades indicating stronger associations. Asterisks: * indicates nominal significance, and *+ indicates FDR-corrected significance. See Source Data Fig. 5 for detailed statistical summary. Source data"
10-1038-s44161-025-00656-8__fig05_b,/ssd2/liwentao/SciFigureHub/FigureComplexityDataset_3levels_threshold_1_3_4_5_6_10/medium/physics/scatter/10-1038-s44161-025-00656-8__fig05_b,/ssd2/liwentao/SciFigureHub/FigureComplexityDataset_3levels_threshold_1_3_4_5_6_10/medium/physics/scatter/10-1038-s44161-025-00656-8__fig05_b/target.png,/ssd2/liwentao/SciFigureHub/FigureComplexityDataset_3levels/medium/physics/scatter/10-1038-s44161-025-00656-8__fig05_b/target.pdf,/ssd2/liwentao/SciFigureHub/FigureComplexityDataset_3levels_threshold_1_3_4_5_6_10/medium/physics/scatter/10-1038-s44161-025-00656-8__fig05_b/reproduce_panel.png,/ssd2/liwentao/SciFigureHub/FigureComplexityDataset_3levels/medium/physics/scatter/10-1038-s44161-025-00656-8__fig05_b/reproduce_panel.pdf,/ssd2/liwentao/SciFigureHub/FigureComplexityDataset_3levels_threshold_1_3_4_5_6_10/medium/physics/scatter/10-1038-s44161-025-00656-8__fig05_b/reproduce_panel.py,/ssd2/liwentao/SciFigureHub/FigureComplexityDataset_3levels_threshold_1_3_4_5_6_10/medium/physics/scatter/10-1038-s44161-025-00656-8__fig05_b/description.md,/ssd2/liwentao/SciFigureHub/SciFigure2Code/audits/codex_dataset_audit_first100/10-1038-s44161-025-00656-8__fig05_b/audit.json,/ssd2/liwentao/SciFigureHub/SciFigure2Code/audits/codex_dataset_audit_first100/10-1038-s44161-025-00656-8__fig05_b/prompt.md,/ssd2/liwentao/SciFigureHub/SciFigure2Code/audits/codex_dataset_audit_first100/10-1038-s44161-025-00656-8__fig05_b/static_precheck.json,physics,AI_physics,scatter,medium,4,Nature Cardiovascular Research,10.1038/s44161-025-00656-8,,,clean,True,0.92,No meaningful benchmark-validity issue found; the code builds an editable scatter plot with synthetic data and uses imshow only for the scalar colorbar gradient.,"A control-network scatter plot showing connectivity scores for CCDC141-linked gene pairs, with highlighted points and a blue color scale for empirical P values.","Network analysis using transcriptomic data from 313 human hearts reveals strong correlations between suggestive statistical epistasis contributors. a , Gene co-expression networks for control (blue) and heart failure (red) conditions were established using weighted gene co-expression network analysis (WGCNA) on transcriptomic data from 313 non-failing and failing human heart tissues 47 . b , c , The connectivity between lo-siRF-prioritized genes was assessed against the full connectivity distributions of all possible gene–gene combinations in the control ( b ) and heart failure ( c ) networks. CCDC141 showed a significant connectivity to SYNM and LYSMD4 ( IGF1R lo-siRF locus) and TTN and FKBP7 ( TTN lo-siRF locus) in the control network. The color scales indicate two-sided empirical P values. d , Comparing between the control and heart failure networks indicated a significant connectivity decrease of these gene pairs during heart failure progression. e , A Sanky plot showing the rewired gene modular assignments for the lo-siRF loci-associated genes (middle column) in the control versus heart failure networks. Module names 47 in the control (left column) and heart failure (right column) networks were derived from KEGG and Reactome associations of genes within each module. Source data"
